Número,Título,Autor,Co-autor,Ano de Publicação,Título original,Tradutor,Co-tradutor,Ano de edição,index
1,Perdidos na Estratosfera,A M Low,,1953,Adrift in the Stratosphere,Correia Ribeiro,,1937,1
2,O Estranho Mundo de Kilsona,Festus Pragnell,,1954,The Green Man of Graypec,José da Natividade Gaspar,,1935,2
3,A Última Cidade da Terra,Edmond Hamilton,,1954,The City at World's End,José da Natividade Gaspar,,1951,3
4,A Nave Sideral,Murray Leinster,,1954,The Last Space Ship,Fernando de Castro Ferro,,1949,4
5,O Universo Vivo,Jimmy Guieu,,1954,L'Univers Vivant,Rui Bandeira,,1953,5
6,O Mundo Marciano,Ray Bradbury,,1954,The Martian Chronicles,Fernando de Castro Ferro,,1950,6
7,Inconstância do Amanhã,F G Rayer,,1954,Tomorrow Sometimes Comes,Fernando Moutinho,,1951,7
8,O Veneno de Marte,Paul French,,1954,David Starr Space Ranger,Fernando de Castro Ferro,,1952,8
9,Missão Interplanetária,A E Van Vogt,,1954,The Voyage of the Space Beagle,Fernando Moutinho,,1950,9
10,Exploradores do Universo,Jon J Deegan,,1954,Antro the Life Giver,Fernando de Castro Ferro,,1953,10
11,O Homem que Vendeu a Lua,Robert A Heinlein,,1954,The Man Who Sold the Moon,José Correia Ribeiro,,1950,11
12,Os Humanóides Atacam,Bryan Bery,,1954,From What Far Star,Fernando de Castro Ferro,,1953,12
13,O Cérebro de Donovan,Curt Siodmak,,1954,Donovan's Brain,José Correia Ribeiro,,1942,13
14,Indómito Planeta,Roy Sheldon,,1955,The Metal Eater,Fernando de Castro Ferro,,1954,14
15,O Mundo em Perigo,E C Tubb,,1955,World at Bay,Fernando de Castro Ferro,,1954,15
16,Sentinelas do Universo,Eric Frank Russell,,1955,Sentinels from Space,Fernando Moutinho,,1953,16
17,Regresso à Pré-História,J Leslie Mitchell,,1955,Three Go Back,Fernando de Castro Ferro,,1932,17
18,O Homem Ilustrado,Ray Bradbury,,1955,The Illustrated Man,Eurico da Costa,,1951,18
19,Caminhos do Espaço,Charles Eric Maine,,1955,Spaceways,A Maldonado Domingues,,1953,19
20,A Sexta Coluna,Robert A Heinlein,,1955,Sixth Column,Manuel de Sepúlveda,,1941,20
21,As Correntes do Espaço,Isaac Asimov,,1955,The Currents of Space,Alfredo Margarido,Manuel de Sepúlveda,1952,21
22,Vigilância Sideral,Pierre Versins,,1955,Les Étoiles ne s'en Foutent Pas,Alfredo Margarido,,1950,22
23,Slan,A E Van Vogt,,1955,Slan,A Maldonado Domingues,,1946,23
24,A Tentação Cósmica,Roger Sorez,,1955,La Tentacion Cosmique,A Maldonado Domingues,,1954,24
25,O Reino das Mulheres,Jerry Sohl,,1955,The Haploids,Mário-Henrique Leiria,,1953,25
26,A Idade do Ouro,Arthur C Clarke,,1955,Childhood's End,Carlos Vieira,,1953,26
27,O Planeta 54,Albert Crémieux,Jean Crémieux,1956,Chute Libre,Mário-Henrique Leiria,,1954,27
28,Futuro do Mundo,Isaac Asimov,,1956,Pebble in the Sky,A Maldonado Domingues,,1950,28
29,Loucura no Universo,Fredric Brown,,1956,What Mad Universe,Mário-Henrique Leiria,,1951,29
30,Gerações do Amanhã,Robert A Heinlein,,1956,Beyond This Horizon,Luís de Almeida Campos,,1942,30
31,Xadrez Cósmico,A E Van Vogt,,1956,The World of Null-A,T Araújo,,1948,31
32,Robinsons do Cosmos,Francis Carsac,,1956,Les Robinsons du Cosmos,Mário-Henrique Leiria,,1955,32
33,Fahrenheit 451,Ray Bradbury,,1956,Fahrenheit 451,Mário-Henrique Leiria,,1953,33
34,Guerra no Tempo,Clifford D Simak,,1956,Time and Again,Carlos Vieira,,1951,34
35,O Homem Demolido,Alfred Bester,,1956,The Demolished Man,Carlos Vieira,,1951,35
36,Os Corsários do Espaço,Paul French,,1956,Lucky Starr and the Pirates of the Asteroids,Mário-Henrique Leiria,,1954,36
37,As Cavernas de Aço,Isaac Asimov,,1956,The Caves of Steel,Mário-Henrique Leiria,,1954,37
38,A Invasão dos Marcianos,Pierre Versins,,1957,En Avant Mars!,Álvaro de Azurara,,1955,38
39,Estrela Dupla,Robert A Heinlein,,1957,Double Star,H dos Santos Carvalho,,1955,39
40,O Síndico,C M Kornbluth,,1957,The Syndic,H dos Santos Carvalho,,1953,40
41,Tiranos da Terra,Christian Russel,,1957,Les Voyants,Mário-Henrique Leiria,,1956,41
42,Mundos Simultâneos,Clifford D Simak,,1957,Ring Around the Sun,Mário-Henrique Leiria,,1952,42
43,A Cidade da Ciência,Maurice Vernon,,1957,Les Savants Dans l'Aréne,Mário-Henrique Leiria,,1955,43
44,História de Dois Mundos,John D MacDonald,,1958,Planet of the Dreamers,Mário-Henrique Leiria,,1951,44
45,O Décimo Planeta,C H Badet,,1958,La Dixième Planète,Mário-Henrique Leiria,,1954,45
46,Os Marcianos Divertem-se,Fredric Brown,,1958,Martians Go Home,Mário-Henrique Leiria,,1955,46
47,Salto no Tempo,Yves Dermèze,,1958,Via Velpa,Mário-Henrique Leiria,,1955,47
48,Mundo de Vampiros,Richard Matheson,,1958,I Am Legend,Mário-Henrique Leiria,,1954,48
49,Vuzz,P A Hourey,,1959,Vuzz,Mário-Henrique Leiria,,1955,49
50,Os Mares de Vénus,Paul French,,1959,Lucky Starr and the Oceans of Venus,Mário-Henrique Leiria,,1954,50
51,A Porta do Espaço,Adrien Sobra,,1959,Portes Sur l'Inconnu,Mário-Henrique Leiria,,1956,51
52,Atenção aos Robots!,Jean-Gaston Vandel,,1959,Alerte Aux Robots!,Mário-Henrique Leiria,,1952,52
53,A Morte da Terra,J H Rosny Aîné,,1959,La Mort de la Terre,Mário-Henrique Leiria,,1910,53
54,Regresso a Zero,Stefan Wul,,1959,Retour a O,Maria Adelaide Correia Freire,Raul Correia,1956,54
55,Os Frutos Dourados do Sol,Ray Bradbury,,1960,The Golden Apples of the Sun,Mário-Henrique Leiria,,1950,55
56,Pré-História do Futuro,Stefan Wul,,1960,Niourk,Mário-Henrique Leiria,,1957,56
57,O Robot de Júpiter-9,Paul French,,1960,Lucky Starr and the Moons of Jupiter,Mário-Henrique Leiria,,1957,57
58,A Rainha Rebelde,L Sprague de Camp,,1960,Rogue Queen,Mário-Henrique Leiria,,1951,58
59,Partida Para o Espaço,C M Kornbluth,,1960,Takeoff,Mário-Henrique Leiria,,1952,59
60,O Vagabundo das Estrelas,Stefan Wul,,1960,L'Orphelin de Perdide,Mário-Henrique Leiria,,1958,60
61,A Superfície do Planeta,Daniel Drode,,1961,Surface de la Planète,Mário-Henrique Leiria,,1959,61
62,Rumo ao Universo,A E Van Vogt,,1961,Destination,Mário-Henrique Leiria,,1952,62
63,O Tempo das Estrelas,Robert A Heinlein,,1961,Time for the Stars,Mário-Henrique Leiria,,1956,63
64,O Mundo dos Draags,Stefan Wul,,1961,Oms en Série,Mário-Henrique Leiria,,1957,64
65,Projectado no Futuro,Charles Eric Maine,,1961,Timeliner,Mário-Henrique Leiria,,1955,65
66,Ortog,Kurt Steiner,,1961,Aux Armes d'Ortog,Mário-Henrique Leiria,,1960,66
67,O Homem que Vinha do Passado,Theodore Sturgeon,,1962,Venus Plus X,Mário-Henrique Leiria,,1960,67
68,O Espaço Será Pequeno,Fredric Brown,,1962,Space on my Hands,Mário-Henrique Leiria,,1951,68
69,Geração Galáctica,E C Tubb,,1962,The Space-Born,Fernando de Castro Ferro,,1956,69
70,Ameaça dos Robots,Isaac Asimov,,1962,The Naked Sun,Fernando de Castro Ferro,,1956,70
71,O Dia das Trífides,John Wyndham,,1962,The Day of the Triffids,José Manuel Calafate,,1951,71
72,Missão em Sidar,Stefan Wul,,1963,Rayons Pour Sidar,Gomes dos Santos,,1957,72
73,Operação Vénus,Leonid Onochko,,1963,?? ????????? ???????,Rogério Fernandes,,1959,73
74,Colónias no Espaço,E C Tubb,,1963,Alien Dust,Elisa Lopes Ribeiro,,1955,74
75,Plano 7,Mordecai Roshwald,,1963,Level Seven,Alfredo Augusto Margarido,,1959,75
76,Degelo em 2157,Stefan Wul,,1963,La Peur Géante,André Varga,,1957,76
77,A Aldeia dos Malditos,John Wyndham,,1963,The Midwich Cuckoos,Álvaro Simões,,1957,77
78,Caminhavam Como Homens,Clifford D Simak,,1963,They Walked Like Men,Alfredo Augusto Margarido,,1962,78
79,A Máquina do Poder,A Higon,,1964,La Machine du Pouvoir,André Varga,,1960,79
80,Cidadão do Universo,Francis Carsac,,1964,Pour Patrie l'Espace,Alfredo Augusto Margarido,,1962,80
81,O Signo do Cão,Jean Hougron,,1964,Le Signe du Chien,André Varga,,1961,81
82,Emissários do Futuro,Gérard Klein,,1964,Le Temps n'a pas d'Odeur,Rogério Fernandes,,1963,82
83,O Satélite Sombrio,Jérome Sériel,,1964,Le Satellite Sombre,Gomes dos Santos,,1962,83
84,A Nuvem Negra,Fred Hoyle,,1964,The Black Cloud,Artur Portela Filho,,1959,84
85,O Templo do Passado,Stefan Wul,,1964,Le Temple du Passé,André Varga,,1957,85
86,Fundação e Império,Isaac Asimov,,1964,Foundation and Empire,Alfredo Margarido,,1952,86
87,A Astronave da Esperança,Edmund Cooper,,1964,Seed of Light,Fernanda Pinto Rodrigues,,1959,87
88,A Era dos Biocibs,Jimmy Guieu,,1964,L'Ére des Byocibs,Gomes dos Santos,,1960,88
89,Segunda Fundação,Isaac Asimov,,1964,Second Foundation,Sousa Victorino,,1953,89
90,Armadilha em Zarkass,Stefan Wul,,1964,Piège sur Zarkass,Álvaro Simões,,1958,90
91,A Guerra Contra o Rull,A E Van Vogt,,1965,The War Against the Rull,Fernanda Pinto Rodrigues,,1959,91
92,Luta Intergaláctica,Edmond Hamilton,,1965,Outside the Universe,Jorge Fonseca,,1929,92
93,As Máquinas da Alegria,Ray Bradbury,,1965,The Machineries of Joy,Mário Braga,Maria Isabel Morna Braga,1964,93
94,S O S Lua,Arthur C Clarke,,1965,A Fall of Moondust,Jorge Fonseca,,1961,94
95,Náufragos da Lua,Arthur C Clarke,,1965,A Fall of Moondust,Jorge Fonseca,,1961,95
96,2000 Ano de Terror,Charles Eric Maine,,1965,Crisis 2000,Fernanda Pinto Rodrigues,,1959,96
97,O Abismo de Chicago,Ray Bradbury,,1965,The Machineries of Joy,Mário Braga,Maria Isabel Morna Braga,1964,97
98,Ameaça de Andrómeda,Fred Hoyle,J Elliot,1965,A for Andromeda,Jorge Fonseca,,1962,98
99,Os Amotinados do Polar Lion,Mordecai Roshwald,,1965,A Small Armageddon,Mário Braga,Maria Isabel Morna Braga,1962,99
100,De Júlio Verne aos Astronautas,vários,Lima de Freitas (org),1965,,Lima de Freitas,,1965,100
101,Nova Ameaça de Andrómeda,Fred Hoyle,J Elliot,1965,Andromeda Breakthrough,Jorge Fonseca,,1965,101
102,A Guerra das Salamandras,Karel Capek,,1965,Válka s Mloky,Lima de Freitas,,1936,102
103,Perdido no Espaço 1º volume,Martin Caidin,,1966,Marooned,Eurico da Fonseca,,1964,103
104,Perdido no Espaço 2º volume,Martin Caidin,,1966,Marooned,Eurico da Fonseca,,1964,104
105,Engenheiros Cósmicos,Clifford D Simak,,1966,Cosmic Engineers,Mário Braga,Maria Isabel Morna Braga,1962,105
106,O Vírus Destruidor,Charles Eric Maine,,1966,The Darkest of Nights,Eurico Fonseca,,1964,106
107,O Império dos Mutantes,Stefan Wul,,1966,La Mort Vivante,Amadeu Lopes Sabino,,1958,107
108,A Cidade Fantástica,Ray Bradbury,,1966,Dandelion Wine,Jorge Rosa,,1957,108
109,Cataclismo Solar,J G Ballard,,1966,The Drowned World,Mário Braga,Maria Isabel Morna Braga,1962,109
110,Estrelas Inimigas,Poul Anderson,,1966,The Enemy Stars,Eurico da Fonseca,,1959,110
111,Escala no Tempo,Robert A Heinlein,,1966,The Door into Summer,Eurico da Fonseca,,1957,111
112,As Flores que Pensam,Clifford D Simak,,1966,All Flesh is Grass,Eurico da Fonseca,,1965,112
113,O Planeta da Utopia,Murray Leinster,,1966,The Duplicators,Eurico da Fonseca,,1964,113
114,A Astronave Pirata,A E Van Vogt,,1966,Rogue Ship,Eurico da Fonseca,,1965,114
115,O Mundo de Cristal,J G Ballard,,1967,The Crystal World,Eurico da Fonseca,,1966,115
116,A Batalha do Vácuo,Charles Eric Maine,,1967,High Vacuum,Eurico da Fonseca,,1955,116
117,As Cidades Mortas,Clifford D Simak,,1967,City,Eurico da Fonseca,,1952,117
118,O Planeta Esquecido,Murray Leinster,,1967,Forgotten Planet,Eurico da Fonseca,,1954,118
119,Revolta na Lua 1º volume,Robert A Heinlein,,1967,The Moon is a Harsh Mistress,Eurico da Fonseca,,1966,119
120,Revolta na Lua 2º volume,Robert A Heinlein,,1967,The Moon is a Harsh Mistress,Eurico da Fonseca,,1966,120
121,Vivos 20%,John Wyndham,,1967,The Kraken Wakes,Eurico da Fonseca,,1953,121
122,Bandeirantes num Novo Mundo,Edmund Cooper,,1967,Transit,Eurico da Fonseca,,1964,122
123,Deixemo-los no Céu,Clifford D Simak,,1967,Why Call Them Back From Heaven?,Eurico da Fonseca,,1967,123
124,O Mundo que nos Espera 1º volume,Robert A Heinlein,,1967,Farnham's Freehold,Fernanda Pinto Rodrigues,,1964,124
125,O Mundo que nos Espera 2º volume,Robert A Heinlein,,1967,Farnham's Freehold,Fernanda Pinto Rodrigues,,1964,125
126,O Planeta dos Homens Alados,Poul Anderson,,1967,War of the Wing-men,Eurico da Fonseca,,1958,126
127,Colónia de Marte,A E Van Vogt,,1968,The House That Stood Still,Eurico da Fonseca,,1950,127
128,O Túnel do Tempo,Murray Leinster,,1968,The Time Tunnel,Eurico da Fonseca,,1967,128
129,Soldado no Espaço,Robert A Heinlein,,1968,Starship Troopers,Eurico da Fonseca,,1959,129
130-A,Estação de Trânsito,Clifford D Simak,,1968,Way Station,Gilberto Almeida,,1963,130
130,Império Submarino,Paul W Fairman,,1968,City Under the Sea,Eurico da Fonseca,,1965,131
131,Viajantes do Tempo,Clifford D Simak,,1968,Time is the Simplest Thing,Eurico da Fonseca,,1961,132
132,Revolta em 2100,Robert A Heinlein,,1968,Revolt in 2100,Eurico da Fonseca,,1953,133
133,Patrulha Interstelar,Edmond Hamilton,,1968,Crashing Suns,Eurico da Fonseca,,1965,134
134,O Médico das Estrelas,Murray Leinster,,1968,The Mutant Weapon,Eurico da Fonseca,,1959,135
135,A Última Fortaleza Terrestre,A E Van Vogt,,1968,Earth's Last Fortress,Eurico da Fonseca,,1960,136
136,Ave Marciana,Edmund Cooper,,1968,A Far Sunset,Eurico da Fonseca,,1967,137
137,Os Filhos de Matusalém,Robert A Heinlein,,1968,Methuselah's Children,Eurico da Fonseca,,1941,138
138,A Máquina Divina 1º volume,Martin Caidin,,1969,The God Machine,Eurico da Fonseca,,1968,139
139,A Máquina Divina 2º volume,Martin Caidin,,1969,The God Machine,Eurico da Fonseca,,1968,140
140,Projecto Animal,Charles Eric Maine,,1969,BEAST,Eurico da Fonseca,,1966,141
141,Terra Insólita 1º volume,Clifford D Simak,,1969,The Werewolf Principle,Eurico da Fonseca,,1967,142
142,Terra Insólita 2º volume,Clifford D Simak,,1969,The Werewolf Principle,Eurico da Fonseca,,1967,143
143,Planeta Proibido,Murray Leinster,,1969,This World is Taboo,Eurico da Fonseca,,1961,144
144,Homens sem Mundo,Poul Anderson,,1969,No World of Their Own,Eurico da Fonseca,,1955,145
145,Bomba H Sobre Los Angeles,Robert M Williams,,1969,The Day They H-Bombed Los Angeles,Eurico da Fonseca,,1961,146
146,Depois do Fim do Mundo,Poul Anderson,,1969,After Doomsday,Eurico da Fonseca,,1962,147
147,Partida sem Chegada,Lloyd Biggle Jr,,1969,All the Colours of Darkness,Eurico da Fonseca,,1963,148
148,O Tempo dos Duendes,Clifford D Simak,,1969,The Goblin Reservation,Eurico da Fonseca,,1968,149
149,Mundo Alternante,Keith Laumer,,1969,Worlds of the Imperium,Eurico da Fonseca,,1962,150
150,Sonho Mortal,E C Tubb,,1969,Death is a Dream,Eurico da Fonseca,,1967,151
151,Missão Impossível,Frederik Pohl,Jack Williamson,1970,The Reefs of Space,Eurico da Fonseca,,1964,152
152,Piratas do Espaço,Murray Leinster,,1970,The Pirates of Zan,Eurico da Fonseca,,1959,153
153,A Guerra dos Deuses,A E Van Vogt,,1970,Two Hundred Million A D,Eurico da Fonseca,,1943,154
154,Vieram do Espaço,Keith Roberts,,1970,The Furies,Eurico da Fonseca,,1966,155
155,Ultimato à Terra,Frederik Pohl,Jack Williamson,1970,Starchild,Eurico da Fonseca,,1965,156
156,Os Super-Homens,A E Van Vogt,,1970,The Silkie,Eurico da Fonseca,,1969,157
157,Plataforma Espacial,Murray Leinster,,1970,Unknown Danger,Eurico da Fonseca,,1969,158
158,Utopia 14 1º volume,Kurt Vonnegut,,1970,Player Piano,Eurico da Fonseca,,1952,159
159,Utopia 14 2º volume,Kurt Vonnegut,,1970,Player Piano,Eurico da Fonseca,,1952,160
160,Sangue da Terra,Keith Laumer,Rosel George Brown,1970,Earthblood,Eurico da Fonseca,,1966,161
161,O Construtor de Universos,Philip José Farmer,,1970,The Maker of Universes,Eurico da Fonseca,,1965,162
162,Areias de Marte,Arthur C Clarke,,1970,Sands of Mars,Eurico da Fonseca,,1951,163
163,Mundos Paralelos,Clifford D Simak,,1971,Out of Their Minds,Eurico da Fonseca,,1969,164
164,Loucura no Espaço,Murray Leinster,,1971,Doctor to the Stars,Eurico da Fonseca,,1964,165
165,O Caos Suicida,Edmund Cooper,,1971,All Fools' Day,Eurico da Fonseca,,1966,166
166,Segredo Interstelar,Alexei Panshin,,1971,Star Well,Eurico da Fonseca,,1968,167
167,Estrela Errante,Frederik Pohl,Jack Williamson,1971,Rogue Star,Eurico da Fonseca,,1969,168
168,A Guerra dos Fantasmas,Lloyd Biggle Jr,,1971,The Angry Espers,Eurico da Fonseca,,1961,169
169,Um Cântico para Leibowitz 1º volume,Walter M Miller Jr,,1971,A Canticle for Leibowitz,Eurico da Fonseca,,1959,170
170,Um Cântico para Leibowitz 2º volume,Walter M Miller Jr,,1971,A Canticle for Leibowitz,Eurico da Fonseca,,1959,171
171,Um Cântico para Leibowitz 3º volume,Walter M Miller Jr,,1971,A Canticle for Leibowitz,Eurico da Fonseca,,1959,172
172,Quando os Marcianos Vieram,Edmund Cooper,,1971,The Last Continent,Eurico da Fonseca,,1969,173
173,A Sete Degraus do Sol,Fred Hoyle,Geoffrey Hoyle,1971,Seven Steps to the Sun,Eurico da Fonseca,,1970,174
174,Trombetas da Revolução,Lloyd Biggle Jr,,1971,The Still Small Voice of Trumpets,Eurico da Fonseca,,1969,175
175,O Mundo do Abismo,James White,,1972,The Watch Below,Eurico da Fonseca,,1966,176
176,O Outro Lado do Espaço,Fred Hoyle,,1972,Ossian's Ride,Eurico da Fonseca,,1961,177
177,Os Filhos do Futuro 1º volume,A E Van Vogt,,1972,Children of Tomorrow,Eurico da Fonseca,,1970,178
178,Os Filhos do Futuro 2º volume,A E Van Vogt,,1972,Children of Tomorrow,Eurico da Fonseca,,1970,179
179,O Dia em que o Sol Desapareceu,Frederik Pohl,C M Kornbluth,1972,Wolfbane,Eurico da Fonseca,,1957,180
180,A Terra dos Sonhos Felizes,John Brunner,,1972,The Dreaming Earth,Eurico da Fonseca,,1963,181
181,Prisão Aberta,James White,,1972,The Escape Orbit,Eurico da Fonseca,,1965,182
182,Estrada da Glória 1º volume,Robert A Heinlein,,1972,Glory Road,Eurico da Fonseca,,1963,183
183,Estrada da Glória 2º volume,Robert A Heinlein,,1972,Glory Road,Eurico da Fonseca,,1963,184
184,O Deus Impassível,Clifford D Simak,,1972,A Choice of Gods,Eurico da Fonseca,,1972,185
185,Batalha Amarga,Frederik Pohl,,1972,Drunkard's Walk,Eurico da Fonseca,,1960,186
186,O Planeta Neutral,Poul Anderson,,1972,Mayday Orbit,Eurico da Fonseca,,1961,187
187,O Terceiro Ouvido,Curt Siodmak,,1973,The Third Ear,Eurico da Fonseca,,1971,188
188,Os Mercadores do Espaço,Frederik Pohl,C M Kornbluth,1973,The Space Merchants,Eurico da Fonseca,,1952,189
189,Busca nos Céus,Frederik Pohl,C M Kornbluth,1973,Search the Sky,Eurico da Fonseca,,1954,190
190,Agência de Mágicos,Robert A Heinlein,,1973,Waldo and Magic Inc,Eurico da Fonseca,,1950,191
191,Juventude Eterna,E C Tubb,,1973,S T A R Flight,Eurico da Fonseca,,1969,192
192,O Homem que Pintava as Estrelas,Lan Wright,,1973,The Pictures of Pavanne,Eurico da Fonseca,,1968,193
193,Depois da Derrocada,Philip E High,,1973,These Savage Futurians,Eurico da Fonseca,,1969,194
194,Ninguém Morre Neste Mundo,Frederik Pohl,,1973,The Age of the Pussyfoot,Eurico da Fonseca,,1965,195
195,O Ponto Ómega,George Zebrowski,,1973,The Omega Point,Eurico da Fonseca,,1972,196
196,A Invasão dos Insectos,Ray Cummings,,1973,The Insect Invasion,Eurico da Fonseca,,1967,197
197,As Horas de Iraz,L Sprague de Camp,,1973,The Clocks of Iraz,Eurico da Fonseca,,1971,198
198,À Luz das Estrelas,Theodore Sturgeon,,1973,Starshine,Eurico da Fonseca,,1966,199
199,A Última Arma,Algis Budrys,,1974,The Falling Torch,Eurico da Fonseca,,1959,200
200,As Máquinas da Destruição,Fred Saberhagen,,1974,Berserker,Eurico da Fonseca,,1967,201
201,Irmão Assassino,Fred Saberhagen,,1974,Brother Assassin,Eurico da Fonseca,,1969,202
202,O Mundo dos Homens Perfeitos,John Brunner,,1974,Entry to Elsewhen,Maria Emília Ferros Moura,,1972,203
203,Silêncio no Espaço,John Rackam,,1974,Earthstrings,Eurico da Fonseca,,1972,204
204,Mundo Aquático,Hal Clement,,1974,Ocean on Top,Maria Emília Ferros Moura,,1973,205
205,Os Dramaturgos de Yan,John Brunner,,1974,The Dramaturges of Yan,Eurico da Fonseca,,1971,206
206,O Mundo dos Túmulos,Clifford D Simak,,1974,Cemetery World,Maria Emília Ferros Moura,,1973,207
207,A Máquina de Governar,Philip K Dick,,1974,Vulcan's Hammer,Eurico da Fonseca,,1960,208
208,O Amanhã Está Muito Longe,James White,,1974,Tomorrow is Too Far,Eurico da Fonseca,,1971,209
209,Gladiador da Lei,Frederik Pohl,C M Kornbluth,1974,Gladiator-at-Law,Eurico da Fonseca,,1955,210
210,Os Filhos dos Nossos Filhos,Clifford D Simak,,1974,Our Children's Children,Eurico da Fonseca,,1974,211
211,Entre Planetas,Robert A Heinlein,,1975,Between Planets,Eurico da Fonseca,,1951,212
212,Corrupção nas Galáxias,Keith Laumer,,1975,Envoy to New Worlds,Eurico da Fonseca,,1963,213
213,Os Homens das Estrelas,Stuart J Byrne,,1975,Starman,Eurico da Fonseca,,1969,214
214,Hospital no Espaço,James White,,1975,Hospital Station,Eurico da Fonseca,,1962,215
215,Mundo sem Tempo,Charles Eric Maine,,1975,The Random Factor,Eurico da Fonseca,,1971,216
216,Três Mundos e um Médico,Murray Leinster,,1975,SOS From Three Worlds,Eurico da Fonseca,,1966,217
217,Um Estranho Numa Terra Estranha 1º volume,Robert A Heinlein,,1975,Stranger in a Strange Land,Eurico da Fonseca,,1961,218
218,Um Estranho Numa Terra Estranha 2º volume,Robert A Heinlein,,1975,Stranger in a Strange Land,Eurico da Fonseca,,1961,219
219,Um Estranho Numa Terra Estranha 3º volume,Robert A Heinlein,,1975,Stranger in a Strange Land,Eurico da Fonseca,,1961,220
220,Médico Espacial,James White,,1975,Star Surgeon,Eurico da Fonseca,,1963,221
221,Eclipse Total,John Brunner,,1975,Total Eclipse,Eurico da Fonseca,,1974,222
222,A Cidade do Céu,Curt Siodmak,,1976,City in the Sky,Maria Emília Ferros Moura,,1974,223
223,A Grande Operação,James White,,1976,Major Operation,Eurico da Fonseca,,1971,224
224,A Árvore Sagrada,Ray Bradbury,,1976,The Halloween Tree,Maria Emília Ferros Moura,,1972,225
225,Em Busca do Futuro,A E Van Vogt,,1976,Quest for the Future,Eurico da Fonseca,,1970,226
226,Os Manipuladores,Robert A Heinlein,,1976,The Puppet Masters,Eurico da Fonseca,,1951,227
227,O Outro Lado do Tempo,Clifford D Simak,,1976,Enchanted Pilgrimage,Eurico da Fonseca,,1975,228
228,As Luzes do Céu São Estrelas,Fredric Brown,,1976,The Lights in the Sky Are Stars,Eurico da Fonseca,,1953,229
229,A Batalha da Eternidade,A E Van Vogt,,1976,The Battle of Forever,Eurico da Fonseca,,1971,230
230,Passaporte Para o Eterno,J G Ballard,,1976,Passport to Eternity,Maria Emília Ferros Moura,,1963,231
231,Os Possuídos,Frederik Pohl,,1976,A Plague of Pythons,Eurico da Fonseca,,1964,232
232,O Vale da Criação,Edmond Hamilton,,1976,The Valley of Creation,Maria Emília Ferros Moura,,1964,233
233,O Homem que Via o Futuro,Clifford D Simak,,1976,So Bright the Vision,Eurico da Fonseca,,1968,234
234,O Homem dos Mil Nomes,A E Van Vogt,,1977,The Man With a Thousand Names,Eurico da Fonseca,,1974,235
235,O Erro do Tempo,John Brunner,,1977,The Wrong End of Time,Maria Emília Ferros Moura,,1971,236
236,Equipagem Espacial,Robert A Heinlein,,1977,Have Spacesuit - Will Travel,Eurico da Fonseca,,1958,237
237,Regresso aos Céus,Edmond Hamilton,,1977,Return to the Stars,Eurico da Fonseca,,1970,238
238,A Cratera da Morte,Clifford D Simak,,1977,Trouble With Tycho,Eurico da Fonseca,,1961,239
239,A Sexta Parte do Mundo,Arthur C Clarke,,1977,The Deep Range,Maria Emília F Moura,,1954,240
240,Os Permutadores de Mundos,John Brunner,,1977,The World Swappers,Eurico da Fonseca,,1959,241
241,Tigre! Tigre!,Alfred Bester,,1977,Tiger! Tiger!,Eurico da Fonseca,,1956,242
242,O Planeta de Shakespeare,Clifford D Simak,,1977,Shakespeare's Planet,Eurico da Fonseca,,1976,243
243,A História do Futuro 1º volume,Robert A Heinlein,,1977,Time Enough for Love,Eurico da Fonseca,,1973,244
244,A História do Futuro 2º volume,Robert A Heinlein,,1977,Time Enough for Love,Eurico da Fonseca,,1973,245
245,A História do Futuro 3º volume,Robert A Heinlein,,1977,Time Enough for Love,Eurico da Fonseca,,1973,246
246,O País de Outubro,Ray Bradbury,,1978,The October Country,Maria Emília Ferros Moura,,1956,247
247,Super-Cérebro,A E Van Vogt,,1978,Supermind,Eurico da Fonseca,,1974,248
248,Apocalipse 2000,Guy Snyder,,1978,Testament XXI,Eurico da Fonseca,,1973,249
249,Exilados da Terra,Ben Bova,,1978,Exiled From Earth,Eurico da Fonseca,,1971,250
250,Para Além do Futuro,C M Kornbluth,,1978,Best SF Stories of C M Kornbluth,Eurico da Fonseca,,1968,251
251,Os Napoleões das Estrelas,Pierre Barbet,,1978,Les Grognards d'Eridan,Eurico da Fonseca,,1970,252
252,Os Abismos do Espaço,Fred Hoyle,Geoffrey Hoyle,1978,Into Deepest Space,Eurico da Fonseca,,1974,253
253,O Colosso Anarquista,A E Van Vogt,,1978,The Anarchistic Colossus,Eurico da Fonseca,,1977,254
254,As Vozes de Marte,Ray Bradbury,,1978,I Sing the Body Electric,Maria Emília Ferros Moura,,1969,255
255,Salvamento no Espaço,Cleve Cartmill,,1978,The Space Scavengers,Eurico da Fonseca,,1975,256
256,Trevas nas Estrelas,Edmond Hamilton,,1978,The Haunted Stars,Eurico da Fonseca,,1960,257
257,O Tempo do Impossível,John D MacDonald,,1978,Ballroom of the Skies,Eurico da Fonseca,,1951,258
258,Os Cruzados do Espaço,Pierre Barbet,,1979,L'Empire du Baphomet,Eurico da Fonseca,,1972,259
259,Triplanetária,E E Doc Smith,,1979,Triplanetary,Eurico da Fonseca,,1934,260
260,A Última Cidade de Marte,Ray Bradbury,,1979,I Sing the Body Electric,Eurico da Fonseca,,1969,261
261,Exploradores do Infinito,Ray Cummings,,1979,Explorers Into Infinity,Eurico da Fonseca,,1965,262
262,Os Herdeiros das Estrelas,Clifford D Simak,,1979,A Heritage of Stars,Eurico da Fonseca,,1977,263
263,Mundo sem Morte,Philip José Farmer,,1979,To Your Scattered Bodies Go,Eurico da Fonseca,,1971,264
264,A Nave Invencível,Stanislaw Lem,,1979,Niezwyciezony,Eurico da Fonseca,,1964,265
265,O Planeta Secreto,E E Doc Smith,,1979,First Lensman,Eurico da Fonseca,,1950,266
266,Acidente Nuclear,Lester del Rey,,1979,Nerves,Eurico da Fonseca,,1956,267
267,O Tempo dos Mastodontes,Clifford D Simak,,1979,Mastodomia,Eurico da Fonseca,,1978,268
268,Viagem Para Além da Morte,Philip José Farmer,,1979,The Fabulous Riverboat,Eurico da Fonseca,,1971,269
269,Cidadão da Galáxia,Robert A Heinlein,,1979,Citizen of the Galaxy,Eurico da Fonseca,,1957,270
270,Patrulha Galáctica,E E Doc Smith,,1980,Galactic Patrol,Eurico da Fonseca,,1950,271
271,O Tempo da Magia,Randall Garrett,,1980,Too Many Magicians,Eurico da Fonseca,,1966,272
272,Desígnio Negro 1º volume,Philip José Farmer,,1980,The Dark Design,Eurico da Fonseca,,1977,273
273,Desígnio Negro 2º volume,Philip José Farmer,,1980,The Dark Design,Eurico da Fonseca,,1977,274
274,A Irmandade do Talismã,Clifford D Simak,,1980,The Fellowship of the Talisman,Eurico da Fonseca,,1978,275
275,Heróis Galácticos,E E Doc Smith,,1980,Gray Lensman,Eurico da Fonseca,,1951,276
276,O Feiticeiro de Terramar,Ursula K LeGuin,,1980,A Wizard of Earthsea,Eurico da Fonseca,,1968,277
277,O Planeta dos Deuses,Isaac Asimov,,1980,The Gods Themselves,Eurico da Fonseca,,1972,278
278,A Revolta das Máquinas 1º volume,Clifford D Simak,,1980,Skirmish,Eurico da Fonseca,,1977,279
279,A Revolta das Máquinas 2º volume,Clifford D Simak,,1980,Skirmish,Eurico da Fonseca,,1977,280
280,A Teia do Tempo,Michael Kurland,,1980,The Unicorn Girl,Eurico da Fonseca,,1969,281
281,Terra Imperial 1º volume,Arthur C Clarke,,1980,Imperial Earth,Eurico da Fonseca,,1975,282
282,Terra Imperial 2º volume,Arthur C Clarke,,1981,Imperial Earth,Eurico da Fonseca,,1975,283
283,O Dia em que o Tempo Parou,Philip José Farmer,,1981,The Day of Timestop,Eurico da Fonseca,,1960,284
284,Os Túmulos de Atuan,Ursula K LeGuin,,1981,The Tombs of Atuan,Eurico da Fonseca,,1971,285
285,A Última Revolta na Terra,A E Van Vogt,,1981,Renaissance,Eurico da Fonseca,,1979,286
286,Os Visitantes 1º volume,Clifford D Simak,,1981,The Visitors,Eurico da Fonseca,,1980,287
287,Os Visitantes 2º volume,Clifford D Simak,,1981,The Visitors,Eurico da Fonseca,,1980,288
288,A Lei do Espaço,E E Doc Smith,,1981,Second Stage Lensman,Eurico da Fonseca,,1953,289
289,O Labirinto Mágico 1º volume,Philip José Farmer,,1981,The Magic Labyrinth,Eurico da Fonseca,,1980,290
290,O Labirinto Mágico 2º volume,Philip José Farmer,,1981,The Magic Labyrinth,Eurico da Fonseca,,1980,291
291,O Labirinto Mágico 3º volume,Philip José Farmer,,1981,The Magic Labyrinth,Eurico da Fonseca,,1980,292
292,Os Jogos do Capricórnio,Robert Silverberg,,1981,Capricorn Games,Eurico da Fonseca,,1976,293
293,O Outro Lado do Mundo,Ursula K LeGuin,,1981,The Farthest Shore,Eurico da Fonseca,,1972,294
294,O Número do Monstro 1º volume,Robert A Heinlein,,1981,The Number of the Beast,Eurico da Fonseca,,1979,295
295,O Número do Monstro 2º volume,Robert A Heinlein,,1981,The Number of the Beast,Eurico da Fonseca,,1979,296
296,O Número do Monstro 3º volume,Robert A Heinlein,,1981,The Number of the Beast,Eurico da Fonseca,,1979,297
297,O Planeta dos Dragões 1º volume,Anne McCaffrey,,1982,,Eurico da Fonseca,,1982,298
298,O Planeta dos Dragões 2º volume,Anne McCaffrey,,1982,,Eurico da Fonseca,,1982,299
299,O Planeta dos Dragões 3º volume,Anne McCaffrey,,1982,,Eurico da Fonseca,,1982,300
300,O Mistério de Valis 1º volume,Philip K Dick,,1982,Valis,Eurico da Fonseca,,1981,301
301,O Mistério de Valis 2º volume,Philip K Dick,,1982,Valis,Eurico da Fonseca,,1981,302
302,Os Filhos do Cosmos,E E Doc Smith,,1982,Children of the Lens,Eurico da Fonseca,,1954,303
303,O Mundo do Trono,Gordon R Dickson,,1982,Wolfling,Eurico da Fonseca,,1969,304
304,Longe da Terra,Marion Zimmer Bradley,,1982,Survey Ship,Eurico da Fonseca,,1980,305
305,O Deus da Fúria,Philip K Dick,Roger Zelazny,1982,Deus Irae,Eurico da Fonseca,,1976,306
306,A Solução de Ceres,Bob Shaw,,1983,The Ceres Solution,Eurico da Fonseca,,1981,307
307,Prisioneiros do Poder 1º volume,Arkadi Strugatski,Boris Strugatski,1983,????????? ??????,Eurico da Fonseca,,1971,308
308,Prisioneiros do Poder 2º volume,Arkadi Strugatski,Boris Strugatski,1983,????????? ??????,Eurico da Fonseca,,1971,309
309,Depois da Bomba,Philip K Dick,,1983,Dr Bloodmoney or How we Got Along After the Bomb,Eurico da Fonseca,,1965,310
310,O Homem sem Rosto,Jack Vance,,1983,The Anome,Eurico da Fonseca,,1971,311
311,Projecto Papa 1º volume,Clifford D Simak,,1983,Project Pope,Eurico da Fonseca,,1981,312
312,Projecto Papa 2º volume,Clifford D Simak,,1983,Project Pope,Eurico da Fonseca,,1981,313
313,Os Senhores do Vórtice,E E Doc Smith,,1983,The Vortex Blaster,Eurico da Fonseca,,1960,314
314,O Dragão Branco 1º volume,Anne McCaffrey,,1983,The White Dragon,Eurico da Fonseca,,1978,315
315,O Dragão Branco 2º volume,Anne McCaffrey,,1983,The White Dragon,Eurico da Fonseca,,1978,316
316,O Homem Duplo,Philip K Dick,,1983,A Scanner Darkly,Eurico da Fonseca,,1977,317
317,Rendez-vous com Rama,Arthur C Clarke,,1983,Rendez-vous With Rama,Eurico da Fonseca,,1972,318
318,Amor no Cosmos,Philip José Farmer,,1984,The Lovers,Eurico da Fonseca,,1961,319
319,Expulsos da Terra,Ursula K LeGuin,,1984,The Eye of the Heron,Eurico da Fonseca,,1978,320
320,Mensagens do Futuro,vários,Isaac Asimov (org),1984,The Future in Question,Eurico da Fonseca,,1980,321
321,A Conquista de Marte 1º volume,William Rollo,,1984,The Olympus Gambit,Eurico da Fonseca,,1983,322
322,A Conquista de Marte 2º volume,William Rollo,,1984,The Olympus Gambit,Eurico da Fonseca,,1983,323
323,O Mundo do Caos,Clifford D Simak,,1984,Special Deliverance,Eurico da Fonseca,,1982,324
324,Espião Interestelar,Poul Anderson,,1984,Ensign Flandry,Eurico da Fonseca,,1966,325
325,A Conquista das Estrelas 1º volume,James P Hogan,,1984,Voyage From Yesteryear,Eurico da Fonseca,,1982,326
326,A Conquista das Estrelas 2º volume,James P Hogan,,1984,Voyage From Yesteryear,Eurico da Fonseca,,1982,327
327,O Que Será o Futuro,vários,Isaac Asimov (org),1984,The Future in Question,Eurico da Fonseca,,1980,328
328,A Invasão Divina,Philip K Dick,,1984,The Divine Invasion,Eurico da Fonseca,,1981,329
329,Detective Galáctico,Jack Vance,,1984,Galactic Effectuator,Eurico da Fonseca,,1980,330
330,Pesadelo Cósmico,Bob Shaw,,1984,Dagger of the Mind,Eurico da Fonseca,,1979,331
331,Muito Depois da Meia-Noite 1º volume,Ray Bradbury,,1985,Long After Midnight,Eurico da Fonseca,,1976,332
332,Muito Depois da Meia-Noite 2º volume,Ray Bradbury,,1985,Long After Midnight,Eurico da Fonseca,,1976,333
333,Nave-Mundo,Brian Aldiss,,1985,Non-Stop,Eurico da Fonseca,,1958,334
334,Os Dias Futuros,Arthur C Clarke,,1985,The Best of Arthur C Clarke 1937-1955,Eurico da Fonseca,,1973,335
335,O Senhor das Estrelas,Robert Sheckley,,1985,Dramocles,Eurico da Fonseca,,1983,336
336,O Homem Mais Importante do Mundo,Philip K Dick,,1985,Time Out of Joint,Eurico da Fonseca,,1959,337
337,Os Caçadores do Espaço,E E Doc Smith,,1985,Spacehounds of IPC,Eurico da Fonseca,,1947,338
338,Onde Mora o Mal,Clifford D Simak,,1985,Where the Devil Dwells,Eurico da Fonseca,,1982,339
339,Tempo de Mudança,Robert Silverberg,,1985,A Time of Changes,Eurico da Fonseca,,1971,340
340,Regresso ao Mundo do Rio 1º volume,Philip José Farmer,,1985,The Gods of Riverworld,Eurico da Fonseca,,1983,341
341,Regresso ao Mundo do Rio 2º volume,Philip José Farmer,,1985,The Gods of Riverworld,Eurico da Fonseca,,1983,342
342,A Arma Impossível,Philip K Dick,,1985,The Zap Gun,Eurico da Fonseca,,1967,343
343,Universos Paralelos,Philip José Farmer,,1986,The Gate of Time,Eurico da Fonseca,,1966,344
344,A Máquina da Paz,Bob Shaw,,1986,Ground Zero Man,Eurico da Fonseca,,1971,345
345,A Mais Bela da Lua,Larry Niven,,1986,The Patchwork Girl,Fernando Brites da Fonseca,,1980,346
346,O Beco dos Malditos,Roger Zelazny,,1986,Damnation Alley,Eurico da Fonseca,,1969,347
347,Moreta de Pern 1º volume,Anne McCaffrey,,1986,Moreta,Eduardo Saló,,1983,348
348,Moreta de Pern 2º volume,Anne McCaffrey,,1986,Moreta,Eduardo Saló,,1983,349
349,O Mundo Perdido,Arthur Conan Doyle,,1986,The Lost World,J Lima da Costa,,1912,350
350,O Homem que Via o Futuro,James Blish,,1986,Jack of Eagles,Eduardo Saló,,1952,351
351,O Prado dos Duendes 1º volume,Paul Cook,,1986,Duende Meadow,Eduardo Saló,,1985,352
352,O Prado dos Duendes 2º volume,Paul Cook,,1986,Duende Meadow,Eduardo Saló,,1985,353
353,Bill o Herói Galáctico,Harry Harrison,,1986,Bill the Galactic Hero,Eurico da Fonseca,,1965,354
354,A Outra Ilha do Dr Moreau,Brian Aldiss,,1986,Moreau's Other Island,Eurico da Fonseca,,1980,355
355,A Porta das Estrelas 1º volume,Frederik Pohl,,1987,Gateway,Eurico da Fonseca,,1977,356
356,A Porta das Estrelas 2º volume,Frederik Pohl,,1987,Gateway,Eurico da Fonseca,,1977,357
359-A,A Estrada da Eternidade 2º volume,Clifford D Simak,,1987,Highway of Eternity,Eurico da Fonseca,,1986,358
357,O Dia em que a Terra Gritou,Arthur Conan Doyle,,1987,The Poison Belt,J Lima da Costa,,1964,359
358,Quando os Computadores Conquistaram o Mundo,A E Van Vogt,,1987,Computerworld,Ana Paula Senos de Araújo,,1983,360
359,A Estrada da Eternidade 1º volume,Clifford D Simak,,1987,Highway of Eternity,Eurico da Fonseca,,1986,361
360,Nas Nossas Mãos as Estrelas,Harry Harrison,,1987,In Our Hands the Stars,Eurico da Fonseca,,1970,362
361,A Luz e as Trevas,L Sprague de Camp,,1987,Lest Darkness Fall,Eurico da Fonseca,,1941,363
362,O Planeta Fantasma,Bob Shaw,,1987,A Wreath of Stars,Eurico da Fonseca,,1976,364
363,As Linguagens de Pao,Jack Vance,,1987,The Languages of Pao,Raul de Sousa Machado,,1958,365
364,A Hora da Inteligência,Poul Anderson,,1987,Brain Wave,Raul de Sousa Machado,,1954,366
365,Para Além do Acontecer 1º volume,Frederik Pohl,,1987,Beyond the Blue Event Horizon,Eurico da Fonseca,,1980,367
366,Para Além do Acontecer 2º volume,Frederik Pohl,,1988,Beyond the Blue Event Horizon,Eurico da Fonseca,,1980,368
367,Null-A Três,A E Van Vogt,,1988,Null-A 3,Eduardo Saló,,1984,369
368,Mundos sem Fim,Clifford D Simak,,1988,Worlds Without End,Raul de Sousa Machado,,1952,370
369,Frankenstein Libertado,Brian Aldiss,,1988,Frankenstein Unbound,Raul de Sousa Machado,,1973,371
370,O Mundo de Rocannon,Ursula K LeGuin,,1988,Rocannon's World,Eurico da Fonseca,,1966,372
371,Tintagel,Paul Cook,,1988,Tintagel,Eduardo Saló,,1981,373
372,A Praga do Espaço,Harry Harrison,,1988,Plague From Space,Raul de Sousa Machado,,1985,374
373,O Mistério de Mercúrio,Bob Shaw,,1988,Fire Pattern,Raul de Sousa Machado,,1984,375
374,Agente de Bizâncio 1º volume,Harry Turtledove,,1988,Agent of Byzantium,Eurico da Fonseca,,1987,376
375,Agente de Bizâncio 2º volume,Harry Turtledove,,1988,Agent of Byzantium,Eurico da Fonseca,,1987,377
376,Reflexos do Futuro,vários,Bruce Sterling (org),1988,Mirrorshades,Eduardo Saló,,1986,378
377,Mensagem do Futuro,James P Hogan,,1988,Thrice Upon a Time,Raul de Sousa Machado,,1980,379
378,Encontro com os Heechee,Frederik Pohl,,1989,Heechee Rendezvous,Raul de Sousa Machado,,1984,380
379,O Gato que Atravessa as Paredes 1º volume,Robert A Heinlein,,1989,The Cat Who Walks Through Walls,Clarisse Tavares,,1985,381
380,O Gato que Atravessa as Paredes 2º volume,Robert A Heinlein,,1989,The Cat Who Walks Through Walls,Clarisse Tavares,,1985,382
381,Anticorpos,David J Skal,,1989,Antibodies,Samuel Soares,,1988,383
382,Quando o Céu Caiu,John Barnes,,1989,The Man Who Pulled Down the Sky,Raul de Sousa Machado,,1987,384
383,Planeta do Exílio,Ursula K LeGuin,,1989,Planet of Exile,Raul de Sousa Machado,,1966,385
384,Dorsai,Gordon R Dickson,,1989,Dorsai!,Raul de Sousa Machado,,1959,386
385,Os Anais dos Heechee,Frederik Pohl,,1989,The Annals of the Heechee,Raul de Sousa Machado,,1987,387
386,Roderick,John Sladek,,1989,Roderick,Samuel Soares,,1980,388
387,A Máquina Preservadora 1º volume,Philip K Dick,,1989,The Preserving Machine,Raul de Sousa Machado,,1969,389
388,Os Olhos de Heisenberg,Frank Herbert,,1989,The Eyes of Heisenberg,Eduardo Saló,,1966,390
389,Os Dorsai Perdidos,Gordon R Dickson,,1989,Lost Dorsai,Raul de Sousa Machado,,1980,391
390,A Máquina Preservadora 2º volume,Philip K Dick,,1990,The Preserving Machine,Raul de Sousa Machado,,1969,392
391,A Cidade das Ilusões,Ursula K LeGuin,,1990,City of Illusions,Raul de Sousa Machado,,1967,393
392,Metrófago 1º volume,Richard Kadrey,,1990,Metrophage,Eduardo Saló,,1988,394
393,Metrófago 2º volume,Richard Kadrey,,1990,Metrophage,Eduardo Saló,,1988,395
394,Pêndulo,A E Van Vogt,,1990,Pendulum,Eduardo Saló,,1978,396
395,A Nave das Sombras,vários,Isaac Asimov (org),1990,The Hugo Winners Volume Three,Raul de Sousa Machado,,1977,397
396,Missão Espacial,Chris Claremont,,1990,First Flight,Raul de Sousa Machado,,1987,398
397,A Torre de Cristal,Robert Silverberg,,1990,The Tower of Glass,Raul de Sousa Machado,,1970,399
398,Mistérios do Futuro,John E Stith,,1990,Deep Quarry,Eurico Fonseca,,1989,400
399,O Pé do Diabo,Arthur Conan Doyle,,1990,The Adventure of the Devil's Foot,Catarina Lima,,1990,401
400,O Homem Eterno 1º volume,Gordon R Dickson,,1990,The Forever Man,Raul de Sousa Machado,,1986,402
401,O Homem Eterno 2º volume,Gordon R Dickson,,1990,The Forever Man,Raul de Sousa Machado,,1986,403
402,O Dia Depois do Juízo Final,James Blish,,1991,The Day After Judgement,Raul de Sousa Machado,,1971,404
403,Vozes do Futuro,Isaac Asimov (org creditado),Shawna McCarthy (org real),1991,Isaac Asimov's Tomorrow's Voices,Samuel Soares,,1984,405
404,O Mundo de Midas 1º volume,Frederik Pohl,,1991,Midas World,Samuel Soares,,1983,406
405,O Mundo de Midas 2º volume,Frederik Pohl,,1991,Midas World,Samuel Soares,,1983,407
406,Necromante,Gordon R Dickson,,1991,Necromancer,Samuel Soares,,1962,408
407,Missão de Vingança,A Bertram Chandler,,1991,The Road to the Rim,Eurico da Fonseca,,1967,409
408,Os Balonautas 1º volume,Bob Shaw,,1991,The Ragged Astronauts,Samuel Soares,,1986,410
409,Os Balonautas 2º volume,Bob Shaw,,1991,The Ragged Astronauts,Samuel Soares,,1986,411
410,Essas Estrelas são Nossas,Poul Anderson,,1991,We Claim These Stars,Samuel Soares,,1959,412
411,Bugs,John Sladek,,1991,Bugs,António Porto,,1989,413
412,Mundo-Nosso,Harry Harrison,,1991,Homeworld,António Porto,,1980,414
413,Soldado da Terra 1º volume,Gordon R Dickson,,1991,Soldier Ask Not,António Porto,,1967,415
414,Soldado da Terra 2º volume,Gordon R Dickson,,1992,Soldier Ask Not,António Porto,,1967,416
415,O Tempo o Espaço e o Cérebro,Fritz Leiber,,1992,The Big Time,António Porto,,1957,417
416,Os Negros Anos Luz,Brian Aldiss,,1992,The Dark Light Years,António Porto,,1964,418
417,Cemitério de Lunáticos 1º volume,Ray Bradbury,,1992,Graveyard for Lunatics,António Porto,,1990,419
418,Cemitério de Lunáticos 2º volume,Ray Bradbury,,1992,Graveyard for Lunatics,António Porto,,1990,420
419,Há Mais Coisas no Céu,John Brunner,,1992,More Things in Heaven,António Porto,,1973,421
420,Desvio Para o Vermelho 1º volume,John E Stith,,1992,Redshift Rendezvous,António Porto,,1990,422
421,Desvio Para o Vermelho 2º volume,John E Stith,,1992,Redshift Rendezvous,António Porto,,1990,423
422,O Espírito de Dorsai,Gordon R Dickson,,1992,The Spirit of Dorsai,António Porto,,1979,424
423,Viagem Pelos Universos,James Blish,,1992,Anywhen,António Porto,,1971,425
424,Imortalidade e Cª,Robert Sheckley,,1992,Immortality Inc,António Porto,,1959,426
425,O Mundo Perdido no Fundo do Mar,Arthur Conan Doyle,,1992,The Maracot Deep,J Lima da Costa,,1929,427
426,Estrela Caída,James Blish,,1993,The Frozen Year,António Porto,,1957,428
427,O Homem do Castelo Alto 1º volume,Philip K Dick,,1993,The Man in the High Castle,António Porto,,1962,429
428,O Homem do Castelo Alto 2º volume,Philip K Dick,,1993,The Man in the High Castle,António Porto,,1962,430
429,A Chegada dos Terrenos,Leigh Brackett,,1993,The Coming of the Terrans,António Porto,,1967,431
430,O Mundo dos Anjos,S N Lewitt,,1993,Angel at Apogee,António Porto,,1987,432
431,O Senhor dos Sonhos,Roger Zelazny,,1993,The Dream Master,António Porto,,1966,433
432,O Correio do Tempo,Robert Silverberg,,1993,Up the Line,Abel Coimbra,,1969,434
433,Páscoa Negra,James Blish,,1993,Black Easter,Raul Gonçalves,,1968,435
434,Tácticas de Engano 1º volume,Gordon R Dickson,,1993,Tactics of Mistake,António Porto,,1971,436
435,Tácticas de Engano 2º volume,Gordon R Dickson,,1993,Tactics of Mistake,António Porto,,1971,437
436,O Tempo dos Simulacros,Philip K Dick,,1993,The Simulacra,António Porto,,1964,438
437,Traidor aos Vivos,Philip José Farmer,,1993,Traitor to the Living,António Porto,,1973,439
438,O Xadrez do Tempo,James Blish,,1994,The Quincunx of Time,António Porto,,1973,440
439,As Naves de Madeira 1º volume,Bob Shaw,,1994,The Wooden Spaceships,António Porto,,1987,441
440,As Naves de Madeira 2º volume,Bob Shaw,,1994,The Wooden Spaceships,António Porto,,1987,442
441,Os Jogadores de Titã,Philip K Dick,,1994,The Game-Players of Titan,António Porto,,1963,443
442,Mundo Adormecido,Gordon R Dickson,,1994,Sleepwalker's World,J Santos Tavares,,1971,444
443,Doutor Mirabilis 1º volume,James Blish,,1994,Doctor Mirabilis,António Porto,,1964,445
444,Doutor Mirabilis 2º volume,James Blish,,1994,Doctor Mirabilis,António Porto,,1964,446
445,Um Demónio no Cérebro,Frederik Pohl,,1994,A Plague of Pythons,J Santos Tavares,,1964,447
446,O Universo de Morton,A E Van Vogt,,1994,The Universe Maker,António Porto,,1953,448
447,Os Mundos Fugitivos 1º volume,Bob Shaw,,1994,The Fugitive Worlds,António Porto,,1989,449
448,Os Mundos Fugitivos 2º volume,Bob Shaw,,1994,The Fugitive Worlds,António Porto,,1989,450
449,Contos Galácticos,James Blish,,1994,Galactic Cluster,António Porto,,1959,451
450,A Incrível Invasão,Lester del Rey,,1995,Siege Perilous,António Porto,,1966,452
451,Roderick à Solta 1º volume,John Sladek,,1995,Roderick at Random,António Porto,,1983,453
452,Roderick à Solta 2º volume,John Sladek,,1995,Roderick at Random,António Porto,,1983,454
453,Dare a Colónia Perdida,Philip José Farmer,,1995,Dare,António Porto,,1965,455
454,A Era das Aves,James Blish,,1995,Midsummer Century,António Porto,,1972,456
455,Tempos Duros 1º volume,C J Cherryh,,1995,Heavy Time,Clarisse Tavares,,1991,457
456,Tempos Duros 2º volume,C J Cherryh,,1995,Heavy Time,Clarisse Tavares,,1991,458
457,Outros Dias Outros Olhos,Bob Shaw,,1995,Other Days Other Eyes,Clarisse Tavares,,1972,459
458,A Canção dos Dragões,Anne McCaffrey,,1995,Dragonsong,Raul Gonçalves,,1976,460
459,Os Cantores do Tempo 1º volume,Frederik Pohl,Jack Williamson,1995,The Singers of Time,Clarisse Tavares,,1991,461
460,Os Cantores do Tempo 2º volume,Frederik Pohl,Jack Williamson,1995,The Singers of Time,Clarisse Tavares,,1991,462
461,O Fogo e a Noite,Philip José Farmer,,1995,Fire and the Night,Raul Gonçalves,,1962,463
462,As Estrelas Como Palco,James Blish,,1996,And All the Stars a Stage,J Santos Tavares,,1971,464
463,Os Últimos Dias da Terra 1º volume,Brian Aldiss,,1996,The Long Afternoon of Earth,Clarisse Tavares,,1962,465
464,Os Últimos Dias da Terra 2º volume,Brian Aldiss,,1996,The Long Afternoon of Earth,Clarisse Tavares,,1962,466
465,As Luzes do Espaço,Bob Shaw,,1996,Night Walk,Clarisse Tavares,,1967,467
466,Ilhas no Céu,Arthur C Clarke,,1996,Islands in the Sky,Clarisse Tavares,,1952,468
467,A Cantora dos Dragões 1º volume,Anne McCaffrey,,1996,Dragonsinger,Raul Gonçalves,,1977,469
468,A Cantora dos Dragões 2º volume,Anne McCaffrey,,1996,Dragonsinger,Raul Gonçalves,,1977,470
469,As Vozes do Céu 1º volume,Frederik Pohl,,1996,The Voices of Heaven,J Santos Tavares,,1994,471
470,As Vozes do Céu 2º volume,Frederik Pohl,,1996,The Voices of Heaven,J Santos Tavares,,1994,472
471,Batalha no Cosmos,Gordon R Dickson,,1996,Naked to the Stars,Eurico da Fonseca,,1961,473
472,Fora de Jogo,Isidore Haiblum,,1996,Out of Sync,J Santos Tavares,,1990,474
473,Estranhos Inimigos 1º volume,Robert Asprin,,1996,The Bug Wars,Eurico da Fonseca,,1979,475
474,Estranhos Inimigos 2º volume,Robert Asprin,,1996,The Bug Wars,Eurico da Fonseca,,1979,476
475,Além do Inferno,Philip José Farmer,,1997,Inside Outside,Eurico da Fonseca,,1964,477
476,Os Tambores dos Dragões,Anne McCaffrey,,1997,Dragondrums,Eduardo Saló,,1979,478
477,A Vinda do Futuro,Edmund Cooper,,1997,Tomorrow Came,Eurico da Fonseca,,1963,479
478,A Boneca do Destino 1º volume,Clifford D Simak,,1997,Destiny Doll,Clarisse Tavares,,1971,480
479,A Boneca do Destino 2º volume,Clifford D Simak,,1997,Destiny Doll,Clarisse Tavares,,1971,481
480,Renascimento,Brian Aldiss,,1997,Earthworks,Clarisse Tavares,,1965,482
481,Para Além da Porta das Estrelas 1º volume,Frederik Pohl,,1997,The Gateway Trip,Clarisse Tavares,,1990,483
482,Para Além da Porta das Estrelas 2º volume,Frederik Pohl,,1997,The Gateway Trip,Clarisse Tavares,,1990,484
483,As Estrelas são dos Homens,James Blish,,1997,They Shall Have Stars,Alexandra Tavares,,1956,485
484,Os Mutantes vêm aí! 1º volume,Isidore Haiblum,,1997,The Mutants Are Coming,Alexandra Tavares,,1984,486
485,Os Mutantes vêm aí! 2º volume,Isidore Haiblum,,1997,The Mutants Are Coming,Alexandra Tavares,,1984,487
486,Vivendo no Céu,James Blish,,1998,A Life for the Stars,Alexandra Tavares,,1962,488
487,Crónicas do Fim do Mundo,Poul Anderson,,1998,The Horn of Time,A Maldonado Domingues,,1968,489
488,A Terra é uma Ideia Boa 1º volume,James Blish,,1998,Earthman Come Home,Alexandra Tavares,,1956,490
489,A Terra é uma Ideia Boa 2º volume,James Blish,,1998,Earthman Come Home,Alexandra Tavares,,1956,491
490,A Árvore da Saliva,Brian Aldiss,,1998,The Saliva Tree,Alexandra Tavares,,1966,492
491,O Triunfo do Tempo,James Blish,,1998,The Triumph of Time,Alexandra Tavares,,1958,493
492,No Oceano da Noite 1º volume,Gregory Benford,,1998,In the Ocean of Night,Alexandra Tavares,,1976,494
493,No Oceano da Noite 2º volume,Gregory Benford,,1998,In the Ocean of Night,Alexandra Tavares,,1976,495
494,Os Cavalos da Noite 1º volume,C J Cherryh,,1998,Cloud's Rider,Alexandra Tavares,,1996,496
495,Os Cavalos da Noite 2º volume,C J Cherryh,,1998,Cloud's Rider,Alexandra Tavares,,1996,497
496,Além do Mar dos Sóis 1º volume,Gregory Benford,,1998,Across the Sea of Suns,Alexandra Santos Tavares,,1984,498
497,Além do Mar dos Sóis 2º volume,Gregory Benford,,1999,Across the Sea of Suns,Alexandra Santos Tavares,,1984,499
498,O Enigma de Malacia 1º volume,Brian Aldiss,,1999,The Malacia Tapestry,Alexandra Santos Tavares,,1976,500
499,O Enigma de Malacia 2º volume,Brian Aldiss,,1999,The Malacia Tapestry,Alexandra Santos Tavares,,1976,501
500,Ó Pioneiro!,Frederik Pohl,,1999,O Pioneer!,Alexandra Santos Tavares,,1998,502
501,A História de Nerilka,Anne McCaffrey,,1999,Nerilka's Story A Pern Adventure,Alexandra Santos Tavares,,1986,503
502,Passagem Para o Passado 1º volume,Isidore Haiblum,,1999,Transfer to Yesterday,Alexandra Santos Tavares,,1973,504
503,Passagem Para o Passado 2º volume,Isidore Haiblum,,1999,Transfer to Yesterday,Alexandra Santos Tavares,,1973,505
504,A Companhia de Phule 1º volume,Robert Asprin,,1999,Phule's Company,Alexandra Santos Tavares,,1990,506
505,A Companhia de Phule 2º volume,Robert Asprin,,1999,Phule's Company,Alexandra Santos Tavares,,1990,507
506,Criptozóica,Brian Aldiss,,1999,An Age,Alexandra Santos Tavares,,1967,508
507,As Trevas Além das Estrelas 1º volume,Frank M Robinson,,1999,The Dark Beyond the Stars,Alexandra Tavares,,1981,509
508,As Trevas Além das Estrelas 2º volume,Frank M Robinson,,1999,The Dark Beyond the Stars,Alexandra Tavares,,1981,510
509,Conduzindo às Cegas,Ray Bradbury,,2000,Driving Blind,Alexandra Santos Tavares,,1997,511
510,O Paraíso de Phule 1º volume,Robert Asprin,,2000,Phule's Paradise,Alexandra Santos Tavares,,1992,512
511,O Paraíso de Phule 2º volume,Robert Asprin,,2000,Phule's Paradise,Alexandra Santos Tavares,,1992,513
512,Rota de Colisão,Robert Silverberg,,2000,Collision Course,Alexandra Santos Tavares,,1961,514
513,O Planeta das Virgens,Poul Anderson,,2000,Virgin Planet,Alexandra Santos Tavares,,1959,515
514,O Homem Duplicado,James Blish,Robert Lowndes,2000,The Duplicated Man,Alexandra Santos Tavares,,1953,516
515,O Mundo de Amanhã,Hunt Collins,,2000,Tomorrow's World,Alexandra Santos Tavares,,1956,517
516,A Conquista da Imortalidade,Robert Sheckley,,2000,Immortality Inc,Alexandra Santos Tavares,,1959,518
517,O Exílio do Tempo,Ray Cummings,,2000,The Exile of Time,Alexandra Santos Tavares,,1931,519
518,Cidade na Lua,Murray Leinster,,2000,City on the Moon,Alexandra Santos Tavares,,1957,520
519,O Espaço Exterior,Bertram Chandler,,2000,The Rim of Space,Alexandra Santos Tavares,,1961,521
520,Os Caminhos das Estrelas,Poul Anderson,,2000,Star Ways,Alexandra Santos Tavares,,1956,522
521,Nove Príncipes em Âmbar,Roger Zelazny,,2001,Nine Princes in Amber,Alexandra Santos Tavares,,1970,523
522,Uma Coisa do Outro Mundo,Murray Leinster,,2001,Out of This World,Elsa T S Vieira,,1958,524
523,A Porta da Montanha do Fogo,C J Cherryh,,2001,Gate of Ivrel,Alexandra Santos Tavares,,1976,525
524,Inteligência Artificial,Brian Aldiss,,2001,Supertoys last all Summer Long and Other Stories of Future Time,Alexandra Santos Tavares,,2001,526
525,O Poço de Shiuan 1º volume,C J Cherryh,,2001,Well of Shiuan,Alexandra Santos Tavares,,1978,527
526,O Poço de Shiuan 2º volume,C J Cherryh,,2001,Well of Shiuan,Alexandra Santos Tavares,,1978,528
527,As Armas de Avalon,Roger Zelazny,,2001,The Guns of Avalon,Alexandra Santos Tavares,,1972,529
528,As Labaredas de Azeroth 1º volume,C J Cherryh,,2001,Fires of Azeroth,Alexandra Santos Tavares,,1979,530
529,As Labaredas de Azeroth 2º volume,C J Cherryh,,2001,Fires of Azeroth,Alexandra Santos Tavares,,1979,531
530,A Reinvenção dos Dragões 1º volume,Anne McCaffrey,,2001,Dragonsdawn,Alexandra Santos Tavares,,1988,532
531,A Reinvenção dos Dragões 2º volume,Anne McCaffrey,,2001,Dragonsdawn,Alexandra Santos Tavares,,1988,533
532,Estrelas Semeadas,James Blish,,2001,The Seedling Stars,Elsa T S Vieira,,1956,534
533,Os Renegados de Pern 1º volume,Anne McCaffrey,,2001,The Renegades of Pern,Alexandra Santos Tavares,,1989,535
534,Os Renegados de Pern 2º volume,Anne McCaffrey,,2001,The Renegades of Pern,Alexandra Santos Tavares,,1989,536
535,Fumos de Sonho 1º volume,Tricia Sullivan,,2002,Dreaming in Smoke,Alexandra Rolão Tavares,,1998,537
536,Fumos de Sonho 2º volume,Tricia Sullivan,,2002,Dreaming in Smoke,Alexandra Rolão Tavares,,1998,538
537,Uma Nova Esperança em Pern 1º volume,Anne McCaffrey,,2002,All the Weyrs of Pern,Alexandra Rolão Tavares,,1991,539
538,Uma Nova Esperança em Pern 2º volume,Anne McCaffrey,,2002,All the Weyrs of Pern,Alexandra Rolão Tavares,,1991,540
539,Renascer 1º volume,Maureen F McHugh,,2002,Mission Child,Alexandra Rolão Tavares,,1998,541
540,Renascer 2º volume,Maureen F McHugh,,2002,Mission Child,Alexandra Rolão Tavares,,1998,542
541,Os Trunfos do Mal,Roger Zelazny,,2003,Trumps of Doom,Paulo A Moreira,,1985,543
542,O Castelo de Lorde Valentine 1º volume,Robert Silverberg,,2003,Lord Valentine's Castle,Paulo A Moreira,,1980,544
543,O Castelo de Lorde Valentine 2º volume,Robert Silverberg,,2003,Lord Valentine's Castle,Paulo A Moreira,,1980,545
544,A Primavera de Helliconia 1º volume,Brian Aldiss,,2003,Helliconia Spring,Alexandra Rolão Tavares,,1982,546
545,A Primavera de Helliconia 2º volume,Brian Aldiss,,2003,Helliconia Spring,Alexandra Rolão Tavares,,1982,547
546,O Sinal do Unicórnio,Roger Zelazny,,2003,The Sign of the Unicorn,Elsa T S Vieira,,1975,548
547,O Verão de Helliconia 1º volume,Brian Aldiss,,2003,Helliconia Summer,Alexandra Rolão Tavares,,1983,549
548,O Verão de Helliconia 2º volume,Brian Aldiss,,2003,Helliconia Summer,Alexandra Rolão Tavares,,1983,550
549,O Inverno de Helliconia 1º volume,Brian Aldiss,,2003,Helliconia Winter,Alexandra Rolão Tavares,,1985,551
550,O Inverno de Helliconia 2º volume,Brian Aldiss,,2003,Helliconia Winter,Alexandra Rolão Tavares,,1985,552
551,Os Vigilantes do Imaginário 1º volume,Pat Cadigan,,2004,Mindplayers,Alexandra Rolão Tavares,,1987,553
552,Os Vigilantes do Imaginário 2º volume,Pat Cadigan,,2004,Mindplayers,Alexandra Rolão Tavares,,1987,554
553,A Grande Roda,William Rollo,,2004,The Big Wheel,Elsa T S Vieira,,1984,555
554,Intermundo,Isidore Haiblum,,2004,Interworld,Elsa T S Vieira,,1977,556
555,A Raça Futura,Bulwer Lytton,,2004,The Coming Race,Fernanda Pinto Rodrigues,,1871,557
556,A Mão de Oberon,Roger Zelazny,,2004,The Hand of Oberon,Elsa T S Vieira,,1976,558
557,As Cortes do Caos,Roger Zelazny,,2004,The Courts of Chaos,Paulo Moreira,,1978,559
558,Mundo Exterior,Isidore Haiblum,,2004,Outerworld,Paulo A Moreira,,1979,560
559,O Sangue de Âmbar,Roger Zelazny,,2005,Blood of Amber,Elsa T S Vieira,,1986,561
560,Mundo dos Espectros,Isidore Haiblum,,2004,Specterworld,Paulo A Moreira,,1991,562
561,A Conspiração dos Imortais,Márcia Guimarães,,2005,,,,2005,563
562,Mundo de Cristal,Isidore Haiblum,,2006,Crystalworld,Paulo A Moreira,,1992,564
563,Dune 1º volume,Frank Herbert,,2006,Dune,Eurico da Fonseca,,1965,565
