Número,Título,Autor,Co-autor,Ano de Publicação,Título original,Tradutor,Co-tradutor,Ano de edição,Autor1-alias,Autor2-alias,Tradutor1-alias,Tradutor2-alias
1,Perdidos na Estratosfera,A M Low,,1953,Adrift in the Stratosphere,Correia Ribeiro,,1937,A-M-Low,,Correia-Ribeiro,
10,Exploradores do Universo,Jon J Deegan,,1954,Antro the Life Giver,Fernando de Castro Ferro,,1953,Jon-J-Deegan,,Fernando-de-Castro-Ferro,
100,De Júlio Verne aos Astronautas,vários,Lima de Freitas (org),1965,,Lima de Freitas,,1965,varios,Lima-de-Freitas-(org),Lima-de-Freitas,
101,Nova Ameaça de Andrómeda,Fred Hoyle,J Elliot,1965,Andromeda Breakthrough,Jorge Fonseca,,1965,Fred-Hoyle,J-Elliot,Jorge-Fonseca,
102,A Guerra das Salamandras,Karel Capek,,1965,Válka s Mloky,Lima de Freitas,,1936,Karel-Capek,,Lima-de-Freitas,
103,Perdido no Espaço 1º volume,Martin Caidin,,1966,Marooned,Eurico da Fonseca,,1964,Martin-Caidin,,Eurico-da-Fonseca,
104,Perdido no Espaço 2º volume,Martin Caidin,,1966,Marooned,Eurico da Fonseca,,1964,Martin-Caidin,,Eurico-da-Fonseca,
105,Engenheiros Cósmicos,Clifford D Simak,,1966,Cosmic Engineers,Mário Braga,Maria Isabel Morna Braga,1962,Clifford-D-Simak,,Mario-Braga,Maria-Isabel-Morna-Braga
106,O Vírus Destruidor,Charles Eric Maine,,1966,The Darkest of Nights,Eurico Fonseca,,1964,Charles-Eric-Maine,,Eurico-Fonseca,
107,O Império dos Mutantes,Stefan Wul,,1966,La Mort Vivante,Amadeu Lopes Sabino,,1958,Stefan-Wul,,Amadeu-Lopes-Sabino,
108,A Cidade Fantástica,Ray Bradbury,,1966,Dandelion Wine,Jorge Rosa,,1957,Ray-Bradbury,,Jorge-Rosa,
109,Cataclismo Solar,J G Ballard,,1966,The Drowned World,Mário Braga,Maria Isabel Morna Braga,1962,J-G-Ballard,,Mario-Braga,Maria-Isabel-Morna-Braga
11,O Homem que Vendeu a Lua,Robert A Heinlein,,1954,The Man Who Sold the Moon,José Correia Ribeiro,,1950,Robert-A-Heinlein,,Jose-Correia-Ribeiro,
110,Estrelas Inimigas,Poul Anderson,,1966,The Enemy Stars,Eurico da Fonseca,,1959,Poul-Anderson,,Eurico-da-Fonseca,
111,Escala no Tempo,Robert A Heinlein,,1966,The Door into Summer,Eurico da Fonseca,,1957,Robert-A-Heinlein,,Eurico-da-Fonseca,
112,As Flores que Pensam,Clifford D Simak,,1966,All Flesh is Grass,Eurico da Fonseca,,1965,Clifford-D-Simak,,Eurico-da-Fonseca,
113,O Planeta da Utopia,Murray Leinster,,1966,The Duplicators,Eurico da Fonseca,,1964,Murray-Leinster,,Eurico-da-Fonseca,
114,A Astronave Pirata,A E Van Vogt,,1966,Rogue Ship,Eurico da Fonseca,,1965,A-E-Van-Vogt,,Eurico-da-Fonseca,
115,O Mundo de Cristal,J G Ballard,,1967,The Crystal World,Eurico da Fonseca,,1966,J-G-Ballard,,Eurico-da-Fonseca,
116,A Batalha do Vácuo,Charles Eric Maine,,1967,High Vacuum,Eurico da Fonseca,,1955,Charles-Eric-Maine,,Eurico-da-Fonseca,
117,As Cidades Mortas,Clifford D Simak,,1967,City,Eurico da Fonseca,,1952,Clifford-D-Simak,,Eurico-da-Fonseca,
118,O Planeta Esquecido,Murray Leinster,,1967,Forgotten Planet,Eurico da Fonseca,,1954,Murray-Leinster,,Eurico-da-Fonseca,
119,Revolta na Lua 1º volume,Robert A Heinlein,,1967,The Moon is a Harsh Mistress,Eurico da Fonseca,,1966,Robert-A-Heinlein,,Eurico-da-Fonseca,
12,Os Humanóides Atacam,Bryan Bery,,1954,From What Far Star,Fernando de Castro Ferro,,1953,Bryan-Bery,,Fernando-de-Castro-Ferro,
120,Revolta na Lua 2º volume,Robert A Heinlein,,1967,The Moon is a Harsh Mistress,Eurico da Fonseca,,1966,Robert-A-Heinlein,,Eurico-da-Fonseca,
121,Vivos 20%,John Wyndham,,1967,The Kraken Wakes,Eurico da Fonseca,,1953,John-Wyndham,,Eurico-da-Fonseca,
122,Bandeirantes num Novo Mundo,Edmund Cooper,,1967,Transit,Eurico da Fonseca,,1964,Edmund-Cooper,,Eurico-da-Fonseca,
123,Deixemo-los no Céu,Clifford D Simak,,1967,Why Call Them Back From Heaven?,Eurico da Fonseca,,1967,Clifford-D-Simak,,Eurico-da-Fonseca,
124,O Mundo que nos Espera 1º volume,Robert A Heinlein,,1967,Farnham's Freehold,Fernanda Pinto Rodrigues,,1964,Robert-A-Heinlein,,Fernanda-Pinto-Rodrigues,
125,O Mundo que nos Espera 2º volume,Robert A Heinlein,,1967,Farnham's Freehold,Fernanda Pinto Rodrigues,,1964,Robert-A-Heinlein,,Fernanda-Pinto-Rodrigues,
126,O Planeta dos Homens Alados,Poul Anderson,,1967,War of the Wing-men,Eurico da Fonseca,,1958,Poul-Anderson,,Eurico-da-Fonseca,
127,Colónia de Marte,A E Van Vogt,,1968,The House That Stood Still,Eurico da Fonseca,,1950,A-E-Van-Vogt,,Eurico-da-Fonseca,
128,O Túnel do Tempo,Murray Leinster,,1968,The Time Tunnel,Eurico da Fonseca,,1967,Murray-Leinster,,Eurico-da-Fonseca,
129,Soldado no Espaço,Robert A Heinlein,,1968,Starship Troopers,Eurico da Fonseca,,1959,Robert-A-Heinlein,,Eurico-da-Fonseca,
13,O Cérebro de Donovan,Curt Siodmak,,1954,Donovan's Brain,José Correia Ribeiro,,1942,Curt-Siodmak,,Jose-Correia-Ribeiro,
130,Império Submarino,Paul W Fairman,,1968,City Under the Sea,Eurico da Fonseca,,1965,Paul-W-Fairman,,Eurico-da-Fonseca,
130-A,Estação de Trânsito,Clifford D Simak,,1968,Way Station,Gilberto Almeida,,1963,Clifford-D-Simak,,Gilberto-Almeida,
131,Viajantes do Tempo,Clifford D Simak,,1968,Time is the Simplest Thing,Eurico da Fonseca,,1961,Clifford-D-Simak,,Eurico-da-Fonseca,
132,Revolta em 2100,Robert A Heinlein,,1968,Revolt in 2100,Eurico da Fonseca,,1953,Robert-A-Heinlein,,Eurico-da-Fonseca,
133,Patrulha Interstelar,Edmond Hamilton,,1968,Crashing Suns,Eurico da Fonseca,,1965,Edmond-Hamilton,,Eurico-da-Fonseca,
134,O Médico das Estrelas,Murray Leinster,,1968,The Mutant Weapon,Eurico da Fonseca,,1959,Murray-Leinster,,Eurico-da-Fonseca,
135,A Última Fortaleza Terrestre,A E Van Vogt,,1968,Earth's Last Fortress,Eurico da Fonseca,,1960,A-E-Van-Vogt,,Eurico-da-Fonseca,
136,Ave Marciana,Edmund Cooper,,1968,A Far Sunset,Eurico da Fonseca,,1967,Edmund-Cooper,,Eurico-da-Fonseca,
137,Os Filhos de Matusalém,Robert A Heinlein,,1968,Methuselah's Children,Eurico da Fonseca,,1941,Robert-A-Heinlein,,Eurico-da-Fonseca,
138,A Máquina Divina 1º volume,Martin Caidin,,1969,The God Machine,Eurico da Fonseca,,1968,Martin-Caidin,,Eurico-da-Fonseca,
139,A Máquina Divina 2º volume,Martin Caidin,,1969,The God Machine,Eurico da Fonseca,,1968,Martin-Caidin,,Eurico-da-Fonseca,
14,Indómito Planeta,Roy Sheldon,,1955,The Metal Eater,Fernando de Castro Ferro,,1954,Roy-Sheldon,,Fernando-de-Castro-Ferro,
140,Projecto Animal,Charles Eric Maine,,1969,BEAST,Eurico da Fonseca,,1966,Charles-Eric-Maine,,Eurico-da-Fonseca,
141,Terra Insólita 1º volume,Clifford D Simak,,1969,The Werewolf Principle,Eurico da Fonseca,,1967,Clifford-D-Simak,,Eurico-da-Fonseca,
142,Terra Insólita 2º volume,Clifford D Simak,,1969,The Werewolf Principle,Eurico da Fonseca,,1967,Clifford-D-Simak,,Eurico-da-Fonseca,
143,Planeta Proibido,Murray Leinster,,1969,This World is Taboo,Eurico da Fonseca,,1961,Murray-Leinster,,Eurico-da-Fonseca,
144,Homens sem Mundo,Poul Anderson,,1969,No World of Their Own,Eurico da Fonseca,,1955,Poul-Anderson,,Eurico-da-Fonseca,
145,Bomba H Sobre Los Angeles,Robert M Williams,,1969,The Day They H-Bombed Los Angeles,Eurico da Fonseca,,1961,Robert-M-Williams,,Eurico-da-Fonseca,
146,Depois do Fim do Mundo,Poul Anderson,,1969,After Doomsday,Eurico da Fonseca,,1962,Poul-Anderson,,Eurico-da-Fonseca,
147,Partida sem Chegada,Lloyd Biggle Jr,,1969,All the Colours of Darkness,Eurico da Fonseca,,1963,Lloyd-Biggle-Jr,,Eurico-da-Fonseca,
148,O Tempo dos Duendes,Clifford D Simak,,1969,The Goblin Reservation,Eurico da Fonseca,,1968,Clifford-D-Simak,,Eurico-da-Fonseca,
149,Mundo Alternante,Keith Laumer,,1969,Worlds of the Imperium,Eurico da Fonseca,,1962,Keith-Laumer,,Eurico-da-Fonseca,
15,O Mundo em Perigo,E C Tubb,,1955,World at Bay,Fernando de Castro Ferro,,1954,E-C-Tubb,,Fernando-de-Castro-Ferro,
150,Sonho Mortal,E C Tubb,,1969,Death is a Dream,Eurico da Fonseca,,1967,E-C-Tubb,,Eurico-da-Fonseca,
151,Missão Impossível,Frederik Pohl,Jack Williamson,1970,The Reefs of Space,Eurico da Fonseca,,1964,Frederik-Pohl,Jack-Williamson,Eurico-da-Fonseca,
152,Piratas do Espaço,Murray Leinster,,1970,The Pirates of Zan,Eurico da Fonseca,,1959,Murray-Leinster,,Eurico-da-Fonseca,
153,A Guerra dos Deuses,A E Van Vogt,,1970,Two Hundred Million A D,Eurico da Fonseca,,1943,A-E-Van-Vogt,,Eurico-da-Fonseca,
154,Vieram do Espaço,Keith Roberts,,1970,The Furies,Eurico da Fonseca,,1966,Keith-Roberts,,Eurico-da-Fonseca,
155,Ultimato à Terra,Frederik Pohl,Jack Williamson,1970,Starchild,Eurico da Fonseca,,1965,Frederik-Pohl,Jack-Williamson,Eurico-da-Fonseca,
156,Os Super-Homens,A E Van Vogt,,1970,The Silkie,Eurico da Fonseca,,1969,A-E-Van-Vogt,,Eurico-da-Fonseca,
157,Plataforma Espacial,Murray Leinster,,1970,Unknown Danger,Eurico da Fonseca,,1969,Murray-Leinster,,Eurico-da-Fonseca,
158,Utopia 14 1º volume,Kurt Vonnegut,,1970,Player Piano,Eurico da Fonseca,,1952,Kurt-Vonnegut,,Eurico-da-Fonseca,
159,Utopia 14 2º volume,Kurt Vonnegut,,1970,Player Piano,Eurico da Fonseca,,1952,Kurt-Vonnegut,,Eurico-da-Fonseca,
16,Sentinelas do Universo,Eric Frank Russell,,1955,Sentinels from Space,Fernando Moutinho,,1953,Eric-Frank-Russell,,Fernando-Moutinho,
160,Sangue da Terra,Keith Laumer,Rosel George Brown,1970,Earthblood,Eurico da Fonseca,,1966,Keith-Laumer,Rosel-George-Brown,Eurico-da-Fonseca,
161,O Construtor de Universos,Philip José Farmer,,1970,The Maker of Universes,Eurico da Fonseca,,1965,Philip-Jose-Farmer,,Eurico-da-Fonseca,
162,Areias de Marte,Arthur C Clarke,,1970,Sands of Mars,Eurico da Fonseca,,1951,Arthur-C-Clarke,,Eurico-da-Fonseca,
163,Mundos Paralelos,Clifford D Simak,,1971,Out of Their Minds,Eurico da Fonseca,,1969,Clifford-D-Simak,,Eurico-da-Fonseca,
164,Loucura no Espaço,Murray Leinster,,1971,Doctor to the Stars,Eurico da Fonseca,,1964,Murray-Leinster,,Eurico-da-Fonseca,
165,O Caos Suicida,Edmund Cooper,,1971,All Fools' Day,Eurico da Fonseca,,1966,Edmund-Cooper,,Eurico-da-Fonseca,
166,Segredo Interstelar,Alexei Panshin,,1971,Star Well,Eurico da Fonseca,,1968,Alexei-Panshin,,Eurico-da-Fonseca,
167,Estrela Errante,Frederik Pohl,Jack Williamson,1971,Rogue Star,Eurico da Fonseca,,1969,Frederik-Pohl,Jack-Williamson,Eurico-da-Fonseca,
168,A Guerra dos Fantasmas,Lloyd Biggle Jr,,1971,The Angry Espers,Eurico da Fonseca,,1961,Lloyd-Biggle-Jr,,Eurico-da-Fonseca,
169,Um Cântico para Leibowitz 1º volume,Walter M Miller Jr,,1971,A Canticle for Leibowitz,Eurico da Fonseca,,1959,Walter-M-Miller-Jr,,Eurico-da-Fonseca,
17,Regresso à Pré-História,J Leslie Mitchell,,1955,Three Go Back,Fernando de Castro Ferro,,1932,J-Leslie-Mitchell,,Fernando-de-Castro-Ferro,
170,Um Cântico para Leibowitz 2º volume,Walter M Miller Jr,,1971,A Canticle for Leibowitz,Eurico da Fonseca,,1959,Walter-M-Miller-Jr,,Eurico-da-Fonseca,
171,Um Cântico para Leibowitz 3º volume,Walter M Miller Jr,,1971,A Canticle for Leibowitz,Eurico da Fonseca,,1959,Walter-M-Miller-Jr,,Eurico-da-Fonseca,
172,Quando os Marcianos Vieram,Edmund Cooper,,1971,The Last Continent,Eurico da Fonseca,,1969,Edmund-Cooper,,Eurico-da-Fonseca,
173,A Sete Degraus do Sol,Fred Hoyle,Geoffrey Hoyle,1971,Seven Steps to the Sun,Eurico da Fonseca,,1970,Fred-Hoyle,Geoffrey-Hoyle,Eurico-da-Fonseca,
174,Trombetas da Revolução,Lloyd Biggle Jr,,1971,The Still Small Voice of Trumpets,Eurico da Fonseca,,1969,Lloyd-Biggle-Jr,,Eurico-da-Fonseca,
175,O Mundo do Abismo,James White,,1972,The Watch Below,Eurico da Fonseca,,1966,James-White,,Eurico-da-Fonseca,
176,O Outro Lado do Espaço,Fred Hoyle,,1972,Ossian's Ride,Eurico da Fonseca,,1961,Fred-Hoyle,,Eurico-da-Fonseca,
177,Os Filhos do Futuro 1º volume,A E Van Vogt,,1972,Children of Tomorrow,Eurico da Fonseca,,1970,A-E-Van-Vogt,,Eurico-da-Fonseca,
178,Os Filhos do Futuro 2º volume,A E Van Vogt,,1972,Children of Tomorrow,Eurico da Fonseca,,1970,A-E-Van-Vogt,,Eurico-da-Fonseca,
179,O Dia em que o Sol Desapareceu,Frederik Pohl,C M Kornbluth,1972,Wolfbane,Eurico da Fonseca,,1957,Frederik-Pohl,C-M-Kornbluth,Eurico-da-Fonseca,
18,O Homem Ilustrado,Ray Bradbury,,1955,The Illustrated Man,Eurico da Costa,,1951,Ray-Bradbury,,Eurico-da-Costa,
180,A Terra dos Sonhos Felizes,John Brunner,,1972,The Dreaming Earth,Eurico da Fonseca,,1963,John-Brunner,,Eurico-da-Fonseca,
181,Prisão Aberta,James White,,1972,The Escape Orbit,Eurico da Fonseca,,1965,James-White,,Eurico-da-Fonseca,
182,Estrada da Glória 1º volume,Robert A Heinlein,,1972,Glory Road,Eurico da Fonseca,,1963,Robert-A-Heinlein,,Eurico-da-Fonseca,
183,Estrada da Glória 2º volume,Robert A Heinlein,,1972,Glory Road,Eurico da Fonseca,,1963,Robert-A-Heinlein,,Eurico-da-Fonseca,
184,O Deus Impassível,Clifford D Simak,,1972,A Choice of Gods,Eurico da Fonseca,,1972,Clifford-D-Simak,,Eurico-da-Fonseca,
185,Batalha Amarga,Frederik Pohl,,1972,Drunkard's Walk,Eurico da Fonseca,,1960,Frederik-Pohl,,Eurico-da-Fonseca,
186,O Planeta Neutral,Poul Anderson,,1972,Mayday Orbit,Eurico da Fonseca,,1961,Poul-Anderson,,Eurico-da-Fonseca,
187,O Terceiro Ouvido,Curt Siodmak,,1973,The Third Ear,Eurico da Fonseca,,1971,Curt-Siodmak,,Eurico-da-Fonseca,
188,Os Mercadores do Espaço,Frederik Pohl,C M Kornbluth,1973,The Space Merchants,Eurico da Fonseca,,1952,Frederik-Pohl,C-M-Kornbluth,Eurico-da-Fonseca,
189,Busca nos Céus,Frederik Pohl,C M Kornbluth,1973,Search the Sky,Eurico da Fonseca,,1954,Frederik-Pohl,C-M-Kornbluth,Eurico-da-Fonseca,
19,Caminhos do Espaço,Charles Eric Maine,,1955,Spaceways,A Maldonado Domingues,,1953,Charles-Eric-Maine,,A-Maldonado-Domingues,
190,Agência de Mágicos,Robert A Heinlein,,1973,Waldo and Magic Inc,Eurico da Fonseca,,1950,Robert-A-Heinlein,,Eurico-da-Fonseca,
191,Juventude Eterna,E C Tubb,,1973,S T A R Flight,Eurico da Fonseca,,1969,E-C-Tubb,,Eurico-da-Fonseca,
192,O Homem que Pintava as Estrelas,Lan Wright,,1973,The Pictures of Pavanne,Eurico da Fonseca,,1968,Lan-Wright,,Eurico-da-Fonseca,
193,Depois da Derrocada,Philip E High,,1973,These Savage Futurians,Eurico da Fonseca,,1969,Philip-E-High,,Eurico-da-Fonseca,
194,Ninguém Morre Neste Mundo,Frederik Pohl,,1973,The Age of the Pussyfoot,Eurico da Fonseca,,1965,Frederik-Pohl,,Eurico-da-Fonseca,
195,O Ponto Ómega,George Zebrowski,,1973,The Omega Point,Eurico da Fonseca,,1972,George-Zebrowski,,Eurico-da-Fonseca,
196,A Invasão dos Insectos,Ray Cummings,,1973,The Insect Invasion,Eurico da Fonseca,,1967,Ray-Cummings,,Eurico-da-Fonseca,
197,As Horas de Iraz,L Sprague de Camp,,1973,The Clocks of Iraz,Eurico da Fonseca,,1971,L-Sprague-de-Camp,,Eurico-da-Fonseca,
198,À Luz das Estrelas,Theodore Sturgeon,,1973,Starshine,Eurico da Fonseca,,1966,Theodore-Sturgeon,,Eurico-da-Fonseca,
199,A Última Arma,Algis Budrys,,1974,The Falling Torch,Eurico da Fonseca,,1959,Algis-Budrys,,Eurico-da-Fonseca,
2,O Estranho Mundo de Kilsona,Festus Pragnell,,1954,The Green Man of Graypec,José da Natividade Gaspar,,1935,Festus-Pragnell,,Jose-da-Natividade-Gaspar,
20,A Sexta Coluna,Robert A Heinlein,,1955,Sixth Column,Manuel de Sepúlveda,,1941,Robert-A-Heinlein,,Manuel-de-Sepulveda,
200,As Máquinas da Destruição,Fred Saberhagen,,1974,Berserker,Eurico da Fonseca,,1967,Fred-Saberhagen,,Eurico-da-Fonseca,
201,Irmão Assassino,Fred Saberhagen,,1974,Brother Assassin,Eurico da Fonseca,,1969,Fred-Saberhagen,,Eurico-da-Fonseca,
202,O Mundo dos Homens Perfeitos,John Brunner,,1974,Entry to Elsewhen,Maria Emília Ferros Moura,,1972,John-Brunner,,Maria-Emilia-Ferros-Moura,
203,Silêncio no Espaço,John Rackam,,1974,Earthstrings,Eurico da Fonseca,,1972,John-Rackam,,Eurico-da-Fonseca,
204,Mundo Aquático,Hal Clement,,1974,Ocean on Top,Maria Emília Ferros Moura,,1973,Hal-Clement,,Maria-Emilia-Ferros-Moura,
205,Os Dramaturgos de Yan,John Brunner,,1974,The Dramaturges of Yan,Eurico da Fonseca,,1971,John-Brunner,,Eurico-da-Fonseca,
206,O Mundo dos Túmulos,Clifford D Simak,,1974,Cemetery World,Maria Emília Ferros Moura,,1973,Clifford-D-Simak,,Maria-Emilia-Ferros-Moura,
207,A Máquina de Governar,Philip K Dick,,1974,Vulcan's Hammer,Eurico da Fonseca,,1960,Philip-K-Dick,,Eurico-da-Fonseca,
208,O Amanhã Está Muito Longe,James White,,1974,Tomorrow is Too Far,Eurico da Fonseca,,1971,James-White,,Eurico-da-Fonseca,
209,Gladiador da Lei,Frederik Pohl,C M Kornbluth,1974,Gladiator-at-Law,Eurico da Fonseca,,1955,Frederik-Pohl,C-M-Kornbluth,Eurico-da-Fonseca,
21,As Correntes do Espaço,Isaac Asimov,,1955,The Currents of Space,Alfredo Margarido,Manuel de Sepúlveda,1952,Isaac-Asimov,,Alfredo-Margarido,Manuel-de-Sepulveda
210,Os Filhos dos Nossos Filhos,Clifford D Simak,,1974,Our Children's Children,Eurico da Fonseca,,1974,Clifford-D-Simak,,Eurico-da-Fonseca,
211,Entre Planetas,Robert A Heinlein,,1975,Between Planets,Eurico da Fonseca,,1951,Robert-A-Heinlein,,Eurico-da-Fonseca,
212,Corrupção nas Galáxias,Keith Laumer,,1975,Envoy to New Worlds,Eurico da Fonseca,,1963,Keith-Laumer,,Eurico-da-Fonseca,
213,Os Homens das Estrelas,Stuart J Byrne,,1975,Starman,Eurico da Fonseca,,1969,Stuart-J-Byrne,,Eurico-da-Fonseca,
214,Hospital no Espaço,James White,,1975,Hospital Station,Eurico da Fonseca,,1962,James-White,,Eurico-da-Fonseca,
215,Mundo sem Tempo,Charles Eric Maine,,1975,The Random Factor,Eurico da Fonseca,,1971,Charles-Eric-Maine,,Eurico-da-Fonseca,
216,Três Mundos e um Médico,Murray Leinster,,1975,SOS From Three Worlds,Eurico da Fonseca,,1966,Murray-Leinster,,Eurico-da-Fonseca,
217,Um Estranho Numa Terra Estranha 1º volume,Robert A Heinlein,,1975,Stranger in a Strange Land,Eurico da Fonseca,,1961,Robert-A-Heinlein,,Eurico-da-Fonseca,
218,Um Estranho Numa Terra Estranha 2º volume,Robert A Heinlein,,1975,Stranger in a Strange Land,Eurico da Fonseca,,1961,Robert-A-Heinlein,,Eurico-da-Fonseca,
219,Um Estranho Numa Terra Estranha 3º volume,Robert A Heinlein,,1975,Stranger in a Strange Land,Eurico da Fonseca,,1961,Robert-A-Heinlein,,Eurico-da-Fonseca,
22,Vigilância Sideral,Pierre Versins,,1955,Les Étoiles ne s'en Foutent Pas,Alfredo Margarido,,1950,Pierre-Versins,,Alfredo-Margarido,
220,Médico Espacial,James White,,1975,Star Surgeon,Eurico da Fonseca,,1963,James-White,,Eurico-da-Fonseca,
221,Eclipse Total,John Brunner,,1975,Total Eclipse,Eurico da Fonseca,,1974,John-Brunner,,Eurico-da-Fonseca,
222,A Cidade do Céu,Curt Siodmak,,1976,City in the Sky,Maria Emília Ferros Moura,,1974,Curt-Siodmak,,Maria-Emilia-Ferros-Moura,
223,A Grande Operação,James White,,1976,Major Operation,Eurico da Fonseca,,1971,James-White,,Eurico-da-Fonseca,
224,A Árvore Sagrada,Ray Bradbury,,1976,The Halloween Tree,Maria Emília Ferros Moura,,1972,Ray-Bradbury,,Maria-Emilia-Ferros-Moura,
225,Em Busca do Futuro,A E Van Vogt,,1976,Quest for the Future,Eurico da Fonseca,,1970,A-E-Van-Vogt,,Eurico-da-Fonseca,
226,Os Manipuladores,Robert A Heinlein,,1976,The Puppet Masters,Eurico da Fonseca,,1951,Robert-A-Heinlein,,Eurico-da-Fonseca,
227,O Outro Lado do Tempo,Clifford D Simak,,1976,Enchanted Pilgrimage,Eurico da Fonseca,,1975,Clifford-D-Simak,,Eurico-da-Fonseca,
228,As Luzes do Céu São Estrelas,Fredric Brown,,1976,The Lights in the Sky Are Stars,Eurico da Fonseca,,1953,Fredric-Brown,,Eurico-da-Fonseca,
229,A Batalha da Eternidade,A E Van Vogt,,1976,The Battle of Forever,Eurico da Fonseca,,1971,A-E-Van-Vogt,,Eurico-da-Fonseca,
23,Slan,A E Van Vogt,,1955,Slan,A Maldonado Domingues,,1946,A-E-Van-Vogt,,A-Maldonado-Domingues,
230,Passaporte Para o Eterno,J G Ballard,,1976,Passport to Eternity,Maria Emília Ferros Moura,,1963,J-G-Ballard,,Maria-Emilia-Ferros-Moura,
231,Os Possuídos,Frederik Pohl,,1976,A Plague of Pythons,Eurico da Fonseca,,1964,Frederik-Pohl,,Eurico-da-Fonseca,
232,O Vale da Criação,Edmond Hamilton,,1976,The Valley of Creation,Maria Emília Ferros Moura,,1964,Edmond-Hamilton,,Maria-Emilia-Ferros-Moura,
233,O Homem que Via o Futuro,Clifford D Simak,,1976,So Bright the Vision,Eurico da Fonseca,,1968,Clifford-D-Simak,,Eurico-da-Fonseca,
234,O Homem dos Mil Nomes,A E Van Vogt,,1977,The Man With a Thousand Names,Eurico da Fonseca,,1974,A-E-Van-Vogt,,Eurico-da-Fonseca,
235,O Erro do Tempo,John Brunner,,1977,The Wrong End of Time,Maria Emília Ferros Moura,,1971,John-Brunner,,Maria-Emilia-Ferros-Moura,
236,Equipagem Espacial,Robert A Heinlein,,1977,Have Spacesuit - Will Travel,Eurico da Fonseca,,1958,Robert-A-Heinlein,,Eurico-da-Fonseca,
237,Regresso aos Céus,Edmond Hamilton,,1977,Return to the Stars,Eurico da Fonseca,,1970,Edmond-Hamilton,,Eurico-da-Fonseca,
238,A Cratera da Morte,Clifford D Simak,,1977,Trouble With Tycho,Eurico da Fonseca,,1961,Clifford-D-Simak,,Eurico-da-Fonseca,
239,A Sexta Parte do Mundo,Arthur C Clarke,,1977,The Deep Range,Maria Emília F Moura,,1954,Arthur-C-Clarke,,Maria-Emilia-F-Moura,
24,A Tentação Cósmica,Roger Sorez,,1955,La Tentacion Cosmique,A Maldonado Domingues,,1954,Roger-Sorez,,A-Maldonado-Domingues,
240,Os Permutadores de Mundos,John Brunner,,1977,The World Swappers,Eurico da Fonseca,,1959,John-Brunner,,Eurico-da-Fonseca,
241,Tigre! Tigre!,Alfred Bester,,1977,Tiger! Tiger!,Eurico da Fonseca,,1956,Alfred-Bester,,Eurico-da-Fonseca,
242,O Planeta de Shakespeare,Clifford D Simak,,1977,Shakespeare's Planet,Eurico da Fonseca,,1976,Clifford-D-Simak,,Eurico-da-Fonseca,
243,A História do Futuro 1º volume,Robert A Heinlein,,1977,Time Enough for Love,Eurico da Fonseca,,1973,Robert-A-Heinlein,,Eurico-da-Fonseca,
244,A História do Futuro 2º volume,Robert A Heinlein,,1977,Time Enough for Love,Eurico da Fonseca,,1973,Robert-A-Heinlein,,Eurico-da-Fonseca,
245,A História do Futuro 3º volume,Robert A Heinlein,,1977,Time Enough for Love,Eurico da Fonseca,,1973,Robert-A-Heinlein,,Eurico-da-Fonseca,
246,O País de Outubro,Ray Bradbury,,1978,The October Country,Maria Emília Ferros Moura,,1956,Ray-Bradbury,,Maria-Emilia-Ferros-Moura,
247,Super-Cérebro,A E Van Vogt,,1978,Supermind,Eurico da Fonseca,,1974,A-E-Van-Vogt,,Eurico-da-Fonseca,
248,Apocalipse 2000,Guy Snyder,,1978,Testament XXI,Eurico da Fonseca,,1973,Guy-Snyder,,Eurico-da-Fonseca,
249,Exilados da Terra,Ben Bova,,1978,Exiled From Earth,Eurico da Fonseca,,1971,Ben-Bova,,Eurico-da-Fonseca,
25,O Reino das Mulheres,Jerry Sohl,,1955,The Haploids,Mário-Henrique Leiria,,1953,Jerry-Sohl,,Mario-Henrique-Leiria,
250,Para Além do Futuro,C M Kornbluth,,1978,Best SF Stories of C M Kornbluth,Eurico da Fonseca,,1968,C-M-Kornbluth,,Eurico-da-Fonseca,
251,Os Napoleões das Estrelas,Pierre Barbet,,1978,Les Grognards d'Eridan,Eurico da Fonseca,,1970,Pierre-Barbet,,Eurico-da-Fonseca,
252,Os Abismos do Espaço,Fred Hoyle,Geoffrey Hoyle,1978,Into Deepest Space,Eurico da Fonseca,,1974,Fred-Hoyle,Geoffrey-Hoyle,Eurico-da-Fonseca,
253,O Colosso Anarquista,A E Van Vogt,,1978,The Anarchistic Colossus,Eurico da Fonseca,,1977,A-E-Van-Vogt,,Eurico-da-Fonseca,
254,As Vozes de Marte,Ray Bradbury,,1978,I Sing the Body Electric,Maria Emília Ferros Moura,,1969,Ray-Bradbury,,Maria-Emilia-Ferros-Moura,
255,Salvamento no Espaço,Cleve Cartmill,,1978,The Space Scavengers,Eurico da Fonseca,,1975,Cleve-Cartmill,,Eurico-da-Fonseca,
256,Trevas nas Estrelas,Edmond Hamilton,,1978,The Haunted Stars,Eurico da Fonseca,,1960,Edmond-Hamilton,,Eurico-da-Fonseca,
257,O Tempo do Impossível,John D MacDonald,,1978,Ballroom of the Skies,Eurico da Fonseca,,1951,John-D-MacDonald,,Eurico-da-Fonseca,
258,Os Cruzados do Espaço,Pierre Barbet,,1979,L'Empire du Baphomet,Eurico da Fonseca,,1972,Pierre-Barbet,,Eurico-da-Fonseca,
259,Triplanetária,E E Doc Smith,,1979,Triplanetary,Eurico da Fonseca,,1934,E-E-Doc-Smith,,Eurico-da-Fonseca,
26,A Idade do Ouro,Arthur C Clarke,,1955,Childhood's End,Carlos Vieira,,1953,Arthur-C-Clarke,,Carlos-Vieira,
260,A Última Cidade de Marte,Ray Bradbury,,1979,I Sing the Body Electric,Eurico da Fonseca,,1969,Ray-Bradbury,,Eurico-da-Fonseca,
261,Exploradores do Infinito,Ray Cummings,,1979,Explorers Into Infinity,Eurico da Fonseca,,1965,Ray-Cummings,,Eurico-da-Fonseca,
262,Os Herdeiros das Estrelas,Clifford D Simak,,1979,A Heritage of Stars,Eurico da Fonseca,,1977,Clifford-D-Simak,,Eurico-da-Fonseca,
263,Mundo sem Morte,Philip José Farmer,,1979,To Your Scattered Bodies Go,Eurico da Fonseca,,1971,Philip-Jose-Farmer,,Eurico-da-Fonseca,
264,A Nave Invencível,Stanislaw Lem,,1979,Niezwyciezony,Eurico da Fonseca,,1964,Stanislaw-Lem,,Eurico-da-Fonseca,
265,O Planeta Secreto,E E Doc Smith,,1979,First Lensman,Eurico da Fonseca,,1950,E-E-Doc-Smith,,Eurico-da-Fonseca,
266,Acidente Nuclear,Lester del Rey,,1979,Nerves,Eurico da Fonseca,,1956,Lester-del-Rey,,Eurico-da-Fonseca,
267,O Tempo dos Mastodontes,Clifford D Simak,,1979,Mastodomia,Eurico da Fonseca,,1978,Clifford-D-Simak,,Eurico-da-Fonseca,
268,Viagem Para Além da Morte,Philip José Farmer,,1979,The Fabulous Riverboat,Eurico da Fonseca,,1971,Philip-Jose-Farmer,,Eurico-da-Fonseca,
269,Cidadão da Galáxia,Robert A Heinlein,,1979,Citizen of the Galaxy,Eurico da Fonseca,,1957,Robert-A-Heinlein,,Eurico-da-Fonseca,
27,O Planeta 54,Albert Crémieux,Jean Crémieux,1956,Chute Libre,Mário-Henrique Leiria,,1954,Albert-Cremieux,Jean-Cremieux,Mario-Henrique-Leiria,
270,Patrulha Galáctica,E E Doc Smith,,1980,Galactic Patrol,Eurico da Fonseca,,1950,E-E-Doc-Smith,,Eurico-da-Fonseca,
271,O Tempo da Magia,Randall Garrett,,1980,Too Many Magicians,Eurico da Fonseca,,1966,Randall-Garrett,,Eurico-da-Fonseca,
272,Desígnio Negro 1º volume,Philip José Farmer,,1980,The Dark Design,Eurico da Fonseca,,1977,Philip-Jose-Farmer,,Eurico-da-Fonseca,
273,Desígnio Negro 2º volume,Philip José Farmer,,1980,The Dark Design,Eurico da Fonseca,,1977,Philip-Jose-Farmer,,Eurico-da-Fonseca,
274,A Irmandade do Talismã,Clifford D Simak,,1980,The Fellowship of the Talisman,Eurico da Fonseca,,1978,Clifford-D-Simak,,Eurico-da-Fonseca,
275,Heróis Galácticos,E E Doc Smith,,1980,Gray Lensman,Eurico da Fonseca,,1951,E-E-Doc-Smith,,Eurico-da-Fonseca,
276,O Feiticeiro de Terramar,Ursula K LeGuin,,1980,A Wizard of Earthsea,Eurico da Fonseca,,1968,Ursula-K-LeGuin,,Eurico-da-Fonseca,
277,O Planeta dos Deuses,Isaac Asimov,,1980,The Gods Themselves,Eurico da Fonseca,,1972,Isaac-Asimov,,Eurico-da-Fonseca,
278,A Revolta das Máquinas 1º volume,Clifford D Simak,,1980,Skirmish,Eurico da Fonseca,,1977,Clifford-D-Simak,,Eurico-da-Fonseca,
279,A Revolta das Máquinas 2º volume,Clifford D Simak,,1980,Skirmish,Eurico da Fonseca,,1977,Clifford-D-Simak,,Eurico-da-Fonseca,
28,Futuro do Mundo,Isaac Asimov,,1956,Pebble in the Sky,A Maldonado Domingues,,1950,Isaac-Asimov,,A-Maldonado-Domingues,
280,A Teia do Tempo,Michael Kurland,,1980,The Unicorn Girl,Eurico da Fonseca,,1969,Michael-Kurland,,Eurico-da-Fonseca,
281,Terra Imperial 1º volume,Arthur C Clarke,,1980,Imperial Earth,Eurico da Fonseca,,1975,Arthur-C-Clarke,,Eurico-da-Fonseca,
282,Terra Imperial 2º volume,Arthur C Clarke,,1981,Imperial Earth,Eurico da Fonseca,,1975,Arthur-C-Clarke,,Eurico-da-Fonseca,
283,O Dia em que o Tempo Parou,Philip José Farmer,,1981,The Day of Timestop,Eurico da Fonseca,,1960,Philip-Jose-Farmer,,Eurico-da-Fonseca,
284,Os Túmulos de Atuan,Ursula K LeGuin,,1981,The Tombs of Atuan,Eurico da Fonseca,,1971,Ursula-K-LeGuin,,Eurico-da-Fonseca,
285,A Última Revolta na Terra,A E Van Vogt,,1981,Renaissance,Eurico da Fonseca,,1979,A-E-Van-Vogt,,Eurico-da-Fonseca,
286,Os Visitantes 1º volume,Clifford D Simak,,1981,The Visitors,Eurico da Fonseca,,1980,Clifford-D-Simak,,Eurico-da-Fonseca,
287,Os Visitantes 2º volume,Clifford D Simak,,1981,The Visitors,Eurico da Fonseca,,1980,Clifford-D-Simak,,Eurico-da-Fonseca,
288,A Lei do Espaço,E E Doc Smith,,1981,Second Stage Lensman,Eurico da Fonseca,,1953,E-E-Doc-Smith,,Eurico-da-Fonseca,
289,O Labirinto Mágico 1º volume,Philip José Farmer,,1981,The Magic Labyrinth,Eurico da Fonseca,,1980,Philip-Jose-Farmer,,Eurico-da-Fonseca,
29,Loucura no Universo,Fredric Brown,,1956,What Mad Universe,Mário-Henrique Leiria,,1951,Fredric-Brown,,Mario-Henrique-Leiria,
290,O Labirinto Mágico 2º volume,Philip José Farmer,,1981,The Magic Labyrinth,Eurico da Fonseca,,1980,Philip-Jose-Farmer,,Eurico-da-Fonseca,
291,O Labirinto Mágico 3º volume,Philip José Farmer,,1981,The Magic Labyrinth,Eurico da Fonseca,,1980,Philip-Jose-Farmer,,Eurico-da-Fonseca,
292,Os Jogos do Capricórnio,Robert Silverberg,,1981,Capricorn Games,Eurico da Fonseca,,1976,Robert-Silverberg,,Eurico-da-Fonseca,
293,O Outro Lado do Mundo,Ursula K LeGuin,,1981,The Farthest Shore,Eurico da Fonseca,,1972,Ursula-K-LeGuin,,Eurico-da-Fonseca,
294,O Número do Monstro 1º volume,Robert A Heinlein,,1981,The Number of the Beast,Eurico da Fonseca,,1979,Robert-A-Heinlein,,Eurico-da-Fonseca,
295,O Número do Monstro 2º volume,Robert A Heinlein,,1981,The Number of the Beast,Eurico da Fonseca,,1979,Robert-A-Heinlein,,Eurico-da-Fonseca,
296,O Número do Monstro 3º volume,Robert A Heinlein,,1981,The Number of the Beast,Eurico da Fonseca,,1979,Robert-A-Heinlein,,Eurico-da-Fonseca,
297,O Planeta dos Dragões 1º volume,Anne McCaffrey,,1982,,Eurico da Fonseca,,1982,Anne-McCaffrey,,Eurico-da-Fonseca,
298,O Planeta dos Dragões 2º volume,Anne McCaffrey,,1982,,Eurico da Fonseca,,1982,Anne-McCaffrey,,Eurico-da-Fonseca,
299,O Planeta dos Dragões 3º volume,Anne McCaffrey,,1982,,Eurico da Fonseca,,1982,Anne-McCaffrey,,Eurico-da-Fonseca,
3,A Última Cidade da Terra,Edmond Hamilton,,1954,The City at World's End,José da Natividade Gaspar,,1951,Edmond-Hamilton,,Jose-da-Natividade-Gaspar,
30,Gerações do Amanhã,Robert A Heinlein,,1956,Beyond This Horizon,Luís de Almeida Campos,,1942,Robert-A-Heinlein,,Luis-de-Almeida-Campos,
300,O Mistério de Valis 1º volume,Philip K Dick,,1982,Valis,Eurico da Fonseca,,1981,Philip-K-Dick,,Eurico-da-Fonseca,
301,O Mistério de Valis 2º volume,Philip K Dick,,1982,Valis,Eurico da Fonseca,,1981,Philip-K-Dick,,Eurico-da-Fonseca,
302,Os Filhos do Cosmos,E E Doc Smith,,1982,Children of the Lens,Eurico da Fonseca,,1954,E-E-Doc-Smith,,Eurico-da-Fonseca,
303,O Mundo do Trono,Gordon R Dickson,,1982,Wolfling,Eurico da Fonseca,,1969,Gordon-R-Dickson,,Eurico-da-Fonseca,
304,Longe da Terra,Marion Zimmer Bradley,,1982,Survey Ship,Eurico da Fonseca,,1980,Marion-Zimmer-Bradley,,Eurico-da-Fonseca,
305,O Deus da Fúria,Philip K Dick,Roger Zelazny,1982,Deus Irae,Eurico da Fonseca,,1976,Philip-K-Dick,Roger-Zelazny,Eurico-da-Fonseca,
306,A Solução de Ceres,Bob Shaw,,1983,The Ceres Solution,Eurico da Fonseca,,1981,Bob-Shaw,,Eurico-da-Fonseca,
307,Prisioneiros do Poder 1º volume,Arkadi Strugatski,Boris Strugatski,1983,????????? ??????,Eurico da Fonseca,,1971,Arkadi-Strugatski,Boris-Strugatski,Eurico-da-Fonseca,
308,Prisioneiros do Poder 2º volume,Arkadi Strugatski,Boris Strugatski,1983,????????? ??????,Eurico da Fonseca,,1971,Arkadi-Strugatski,Boris-Strugatski,Eurico-da-Fonseca,
309,Depois da Bomba,Philip K Dick,,1983,Dr Bloodmoney or How we Got Along After the Bomb,Eurico da Fonseca,,1965,Philip-K-Dick,,Eurico-da-Fonseca,
31,Xadrez Cósmico,A E Van Vogt,,1956,The World of Null-A,T Araújo,,1948,A-E-Van-Vogt,,T-Araujo,
310,O Homem sem Rosto,Jack Vance,,1983,The Anome,Eurico da Fonseca,,1971,Jack-Vance,,Eurico-da-Fonseca,
311,Projecto Papa 1º volume,Clifford D Simak,,1983,Project Pope,Eurico da Fonseca,,1981,Clifford-D-Simak,,Eurico-da-Fonseca,
312,Projecto Papa 2º volume,Clifford D Simak,,1983,Project Pope,Eurico da Fonseca,,1981,Clifford-D-Simak,,Eurico-da-Fonseca,
313,Os Senhores do Vórtice,E E Doc Smith,,1983,The Vortex Blaster,Eurico da Fonseca,,1960,E-E-Doc-Smith,,Eurico-da-Fonseca,
314,O Dragão Branco 1º volume,Anne McCaffrey,,1983,The White Dragon,Eurico da Fonseca,,1978,Anne-McCaffrey,,Eurico-da-Fonseca,
315,O Dragão Branco 2º volume,Anne McCaffrey,,1983,The White Dragon,Eurico da Fonseca,,1978,Anne-McCaffrey,,Eurico-da-Fonseca,
316,O Homem Duplo,Philip K Dick,,1983,A Scanner Darkly,Eurico da Fonseca,,1977,Philip-K-Dick,,Eurico-da-Fonseca,
317,Rendez-vous com Rama,Arthur C Clarke,,1983,Rendez-vous With Rama,Eurico da Fonseca,,1972,Arthur-C-Clarke,,Eurico-da-Fonseca,
318,Amor no Cosmos,Philip José Farmer,,1984,The Lovers,Eurico da Fonseca,,1961,Philip-Jose-Farmer,,Eurico-da-Fonseca,
319,Expulsos da Terra,Ursula K LeGuin,,1984,The Eye of the Heron,Eurico da Fonseca,,1978,Ursula-K-LeGuin,,Eurico-da-Fonseca,
32,Robinsons do Cosmos,Francis Carsac,,1956,Les Robinsons du Cosmos,Mário-Henrique Leiria,,1955,Francis-Carsac,,Mario-Henrique-Leiria,
320,Mensagens do Futuro,vários,Isaac Asimov (org),1984,The Future in Question,Eurico da Fonseca,,1980,varios,Isaac-Asimov-(org),Eurico-da-Fonseca,
321,A Conquista de Marte 1º volume,William Rollo,,1984,The Olympus Gambit,Eurico da Fonseca,,1983,William-Rollo,,Eurico-da-Fonseca,
322,A Conquista de Marte 2º volume,William Rollo,,1984,The Olympus Gambit,Eurico da Fonseca,,1983,William-Rollo,,Eurico-da-Fonseca,
323,O Mundo do Caos,Clifford D Simak,,1984,Special Deliverance,Eurico da Fonseca,,1982,Clifford-D-Simak,,Eurico-da-Fonseca,
324,Espião Interestelar,Poul Anderson,,1984,Ensign Flandry,Eurico da Fonseca,,1966,Poul-Anderson,,Eurico-da-Fonseca,
325,A Conquista das Estrelas 1º volume,James P Hogan,,1984,Voyage From Yesteryear,Eurico da Fonseca,,1982,James-P-Hogan,,Eurico-da-Fonseca,
326,A Conquista das Estrelas 2º volume,James P Hogan,,1984,Voyage From Yesteryear,Eurico da Fonseca,,1982,James-P-Hogan,,Eurico-da-Fonseca,
327,O Que Será o Futuro,vários,Isaac Asimov (org),1984,The Future in Question,Eurico da Fonseca,,1980,varios,Isaac-Asimov-(org),Eurico-da-Fonseca,
328,A Invasão Divina,Philip K Dick,,1984,The Divine Invasion,Eurico da Fonseca,,1981,Philip-K-Dick,,Eurico-da-Fonseca,
329,Detective Galáctico,Jack Vance,,1984,Galactic Effectuator,Eurico da Fonseca,,1980,Jack-Vance,,Eurico-da-Fonseca,
33,Fahrenheit 451,Ray Bradbury,,1956,Fahrenheit 451,Mário-Henrique Leiria,,1953,Ray-Bradbury,,Mario-Henrique-Leiria,
330,Pesadelo Cósmico,Bob Shaw,,1984,Dagger of the Mind,Eurico da Fonseca,,1979,Bob-Shaw,,Eurico-da-Fonseca,
331,Muito Depois da Meia-Noite 1º volume,Ray Bradbury,,1985,Long After Midnight,Eurico da Fonseca,,1976,Ray-Bradbury,,Eurico-da-Fonseca,
332,Muito Depois da Meia-Noite 2º volume,Ray Bradbury,,1985,Long After Midnight,Eurico da Fonseca,,1976,Ray-Bradbury,,Eurico-da-Fonseca,
333,Nave-Mundo,Brian Aldiss,,1985,Non-Stop,Eurico da Fonseca,,1958,Brian-Aldiss,,Eurico-da-Fonseca,
334,Os Dias Futuros,Arthur C Clarke,,1985,The Best of Arthur C Clarke 1937-1955,Eurico da Fonseca,,1973,Arthur-C-Clarke,,Eurico-da-Fonseca,
335,O Senhor das Estrelas,Robert Sheckley,,1985,Dramocles,Eurico da Fonseca,,1983,Robert-Sheckley,,Eurico-da-Fonseca,
336,O Homem Mais Importante do Mundo,Philip K Dick,,1985,Time Out of Joint,Eurico da Fonseca,,1959,Philip-K-Dick,,Eurico-da-Fonseca,
337,Os Caçadores do Espaço,E E Doc Smith,,1985,Spacehounds of IPC,Eurico da Fonseca,,1947,E-E-Doc-Smith,,Eurico-da-Fonseca,
338,Onde Mora o Mal,Clifford D Simak,,1985,Where the Devil Dwells,Eurico da Fonseca,,1982,Clifford-D-Simak,,Eurico-da-Fonseca,
339,Tempo de Mudança,Robert Silverberg,,1985,A Time of Changes,Eurico da Fonseca,,1971,Robert-Silverberg,,Eurico-da-Fonseca,
34,Guerra no Tempo,Clifford D Simak,,1956,Time and Again,Carlos Vieira,,1951,Clifford-D-Simak,,Carlos-Vieira,
340,Regresso ao Mundo do Rio 1º volume,Philip José Farmer,,1985,The Gods of Riverworld,Eurico da Fonseca,,1983,Philip-Jose-Farmer,,Eurico-da-Fonseca,
341,Regresso ao Mundo do Rio 2º volume,Philip José Farmer,,1985,The Gods of Riverworld,Eurico da Fonseca,,1983,Philip-Jose-Farmer,,Eurico-da-Fonseca,
342,A Arma Impossível,Philip K Dick,,1985,The Zap Gun,Eurico da Fonseca,,1967,Philip-K-Dick,,Eurico-da-Fonseca,
343,Universos Paralelos,Philip José Farmer,,1986,The Gate of Time,Eurico da Fonseca,,1966,Philip-Jose-Farmer,,Eurico-da-Fonseca,
344,A Máquina da Paz,Bob Shaw,,1986,Ground Zero Man,Eurico da Fonseca,,1971,Bob-Shaw,,Eurico-da-Fonseca,
345,A Mais Bela da Lua,Larry Niven,,1986,The Patchwork Girl,Fernando Brites da Fonseca,,1980,Larry-Niven,,Fernando-Brites-da-Fonseca,
346,O Beco dos Malditos,Roger Zelazny,,1986,Damnation Alley,Eurico da Fonseca,,1969,Roger-Zelazny,,Eurico-da-Fonseca,
347,Moreta de Pern 1º volume,Anne McCaffrey,,1986,Moreta,Eduardo Saló,,1983,Anne-McCaffrey,,Eduardo-Salo,
348,Moreta de Pern 2º volume,Anne McCaffrey,,1986,Moreta,Eduardo Saló,,1983,Anne-McCaffrey,,Eduardo-Salo,
349,O Mundo Perdido,Arthur Conan Doyle,,1986,The Lost World,J Lima da Costa,,1912,Arthur-Conan-Doyle,,J-Lima-da-Costa,
35,O Homem Demolido,Alfred Bester,,1956,The Demolished Man,Carlos Vieira,,1951,Alfred-Bester,,Carlos-Vieira,
350,O Homem que Via o Futuro,James Blish,,1986,Jack of Eagles,Eduardo Saló,,1952,James-Blish,,Eduardo-Salo,
351,O Prado dos Duendes 1º volume,Paul Cook,,1986,Duende Meadow,Eduardo Saló,,1985,Paul-Cook,,Eduardo-Salo,
352,O Prado dos Duendes 2º volume,Paul Cook,,1986,Duende Meadow,Eduardo Saló,,1985,Paul-Cook,,Eduardo-Salo,
353,Bill o Herói Galáctico,Harry Harrison,,1986,Bill the Galactic Hero,Eurico da Fonseca,,1965,Harry-Harrison,,Eurico-da-Fonseca,
354,A Outra Ilha do Dr Moreau,Brian Aldiss,,1986,Moreau's Other Island,Eurico da Fonseca,,1980,Brian-Aldiss,,Eurico-da-Fonseca,
355,A Porta das Estrelas 1º volume,Frederik Pohl,,1987,Gateway,Eurico da Fonseca,,1977,Frederik-Pohl,,Eurico-da-Fonseca,
356,A Porta das Estrelas 2º volume,Frederik Pohl,,1987,Gateway,Eurico da Fonseca,,1977,Frederik-Pohl,,Eurico-da-Fonseca,
357,O Dia em que a Terra Gritou,Arthur Conan Doyle,,1987,The Poison Belt,J Lima da Costa,,1964,Arthur-Conan-Doyle,,J-Lima-da-Costa,
358,Quando os Computadores Conquistaram o Mundo,A E Van Vogt,,1987,Computerworld,Ana Paula Senos de Araújo,,1983,A-E-Van-Vogt,,Ana-Paula-Senos-de-Araujo,
359,A Estrada da Eternidade 1º volume,Clifford D Simak,,1987,Highway of Eternity,Eurico da Fonseca,,1986,Clifford-D-Simak,,Eurico-da-Fonseca,
359-A,A Estrada da Eternidade 2º volume,Clifford D Simak,,1987,Highway of Eternity,Eurico da Fonseca,,1986,Clifford-D-Simak,,Eurico-da-Fonseca,
36,Os Corsários do Espaço,Paul French,,1956,Lucky Starr and the Pirates of the Asteroids,Mário-Henrique Leiria,,1954,Paul-French,,Mario-Henrique-Leiria,
360,Nas Nossas Mãos as Estrelas,Harry Harrison,,1987,In Our Hands the Stars,Eurico da Fonseca,,1970,Harry-Harrison,,Eurico-da-Fonseca,
361,A Luz e as Trevas,L Sprague de Camp,,1987,Lest Darkness Fall,Eurico da Fonseca,,1941,L-Sprague-de-Camp,,Eurico-da-Fonseca,
362,O Planeta Fantasma,Bob Shaw,,1987,A Wreath of Stars,Eurico da Fonseca,,1976,Bob-Shaw,,Eurico-da-Fonseca,
363,As Linguagens de Pao,Jack Vance,,1987,The Languages of Pao,Raul de Sousa Machado,,1958,Jack-Vance,,Raul-de-Sousa-Machado,
364,A Hora da Inteligência,Poul Anderson,,1987,Brain Wave,Raul de Sousa Machado,,1954,Poul-Anderson,,Raul-de-Sousa-Machado,
365,Para Além do Acontecer 1º volume,Frederik Pohl,,1987,Beyond the Blue Event Horizon,Eurico da Fonseca,,1980,Frederik-Pohl,,Eurico-da-Fonseca,
366,Para Além do Acontecer 2º volume,Frederik Pohl,,1988,Beyond the Blue Event Horizon,Eurico da Fonseca,,1980,Frederik-Pohl,,Eurico-da-Fonseca,
367,Null-A Três,A E Van Vogt,,1988,Null-A 3,Eduardo Saló,,1984,A-E-Van-Vogt,,Eduardo-Salo,
368,Mundos sem Fim,Clifford D Simak,,1988,Worlds Without End,Raul de Sousa Machado,,1952,Clifford-D-Simak,,Raul-de-Sousa-Machado,
369,Frankenstein Libertado,Brian Aldiss,,1988,Frankenstein Unbound,Raul de Sousa Machado,,1973,Brian-Aldiss,,Raul-de-Sousa-Machado,
37,As Cavernas de Aço,Isaac Asimov,,1956,The Caves of Steel,Mário-Henrique Leiria,,1954,Isaac-Asimov,,Mario-Henrique-Leiria,
370,O Mundo de Rocannon,Ursula K LeGuin,,1988,Rocannon's World,Eurico da Fonseca,,1966,Ursula-K-LeGuin,,Eurico-da-Fonseca,
371,Tintagel,Paul Cook,,1988,Tintagel,Eduardo Saló,,1981,Paul-Cook,,Eduardo-Salo,
372,A Praga do Espaço,Harry Harrison,,1988,Plague From Space,Raul de Sousa Machado,,1985,Harry-Harrison,,Raul-de-Sousa-Machado,
373,O Mistério de Mercúrio,Bob Shaw,,1988,Fire Pattern,Raul de Sousa Machado,,1984,Bob-Shaw,,Raul-de-Sousa-Machado,
374,Agente de Bizâncio 1º volume,Harry Turtledove,,1988,Agent of Byzantium,Eurico da Fonseca,,1987,Harry-Turtledove,,Eurico-da-Fonseca,
375,Agente de Bizâncio 2º volume,Harry Turtledove,,1988,Agent of Byzantium,Eurico da Fonseca,,1987,Harry-Turtledove,,Eurico-da-Fonseca,
376,Reflexos do Futuro,vários,Bruce Sterling (org),1988,Mirrorshades,Eduardo Saló,,1986,varios,Bruce-Sterling-(org),Eduardo-Salo,
377,Mensagem do Futuro,James P Hogan,,1988,Thrice Upon a Time,Raul de Sousa Machado,,1980,James-P-Hogan,,Raul-de-Sousa-Machado,
378,Encontro com os Heechee,Frederik Pohl,,1989,Heechee Rendezvous,Raul de Sousa Machado,,1984,Frederik-Pohl,,Raul-de-Sousa-Machado,
379,O Gato que Atravessa as Paredes 1º volume,Robert A Heinlein,,1989,The Cat Who Walks Through Walls,Clarisse Tavares,,1985,Robert-A-Heinlein,,Clarisse-Tavares,
38,A Invasão dos Marcianos,Pierre Versins,,1957,En Avant Mars!,Álvaro de Azurara,,1955,Pierre-Versins,,Alvaro-de-Azurara,
380,O Gato que Atravessa as Paredes 2º volume,Robert A Heinlein,,1989,The Cat Who Walks Through Walls,Clarisse Tavares,,1985,Robert-A-Heinlein,,Clarisse-Tavares,
381,Anticorpos,David J Skal,,1989,Antibodies,Samuel Soares,,1988,David-J-Skal,,Samuel-Soares,
382,Quando o Céu Caiu,John Barnes,,1989,The Man Who Pulled Down the Sky,Raul de Sousa Machado,,1987,John-Barnes,,Raul-de-Sousa-Machado,
383,Planeta do Exílio,Ursula K LeGuin,,1989,Planet of Exile,Raul de Sousa Machado,,1966,Ursula-K-LeGuin,,Raul-de-Sousa-Machado,
384,Dorsai,Gordon R Dickson,,1989,Dorsai!,Raul de Sousa Machado,,1959,Gordon-R-Dickson,,Raul-de-Sousa-Machado,
385,Os Anais dos Heechee,Frederik Pohl,,1989,The Annals of the Heechee,Raul de Sousa Machado,,1987,Frederik-Pohl,,Raul-de-Sousa-Machado,
386,Roderick,John Sladek,,1989,Roderick,Samuel Soares,,1980,John-Sladek,,Samuel-Soares,
387,A Máquina Preservadora 1º volume,Philip K Dick,,1989,The Preserving Machine,Raul de Sousa Machado,,1969,Philip-K-Dick,,Raul-de-Sousa-Machado,
388,Os Olhos de Heisenberg,Frank Herbert,,1989,The Eyes of Heisenberg,Eduardo Saló,,1966,Frank-Herbert,,Eduardo-Salo,
389,Os Dorsai Perdidos,Gordon R Dickson,,1989,Lost Dorsai,Raul de Sousa Machado,,1980,Gordon-R-Dickson,,Raul-de-Sousa-Machado,
39,Estrela Dupla,Robert A Heinlein,,1957,Double Star,H dos Santos Carvalho,,1955,Robert-A-Heinlein,,H-dos-Santos-Carvalho,
390,A Máquina Preservadora 2º volume,Philip K Dick,,1990,The Preserving Machine,Raul de Sousa Machado,,1969,Philip-K-Dick,,Raul-de-Sousa-Machado,
391,A Cidade das Ilusões,Ursula K LeGuin,,1990,City of Illusions,Raul de Sousa Machado,,1967,Ursula-K-LeGuin,,Raul-de-Sousa-Machado,
392,Metrófago 1º volume,Richard Kadrey,,1990,Metrophage,Eduardo Saló,,1988,Richard-Kadrey,,Eduardo-Salo,
393,Metrófago 2º volume,Richard Kadrey,,1990,Metrophage,Eduardo Saló,,1988,Richard-Kadrey,,Eduardo-Salo,
394,Pêndulo,A E Van Vogt,,1990,Pendulum,Eduardo Saló,,1978,A-E-Van-Vogt,,Eduardo-Salo,
395,A Nave das Sombras,vários,Isaac Asimov (org),1990,The Hugo Winners Volume Three,Raul de Sousa Machado,,1977,varios,Isaac-Asimov-(org),Raul-de-Sousa-Machado,
396,Missão Espacial,Chris Claremont,,1990,First Flight,Raul de Sousa Machado,,1987,Chris-Claremont,,Raul-de-Sousa-Machado,
397,A Torre de Cristal,Robert Silverberg,,1990,The Tower of Glass,Raul de Sousa Machado,,1970,Robert-Silverberg,,Raul-de-Sousa-Machado,
398,Mistérios do Futuro,John E Stith,,1990,Deep Quarry,Eurico Fonseca,,1989,John-E-Stith,,Eurico-Fonseca,
399,O Pé do Diabo,Arthur Conan Doyle,,1990,The Adventure of the Devil's Foot,Catarina Lima,,1990,Arthur-Conan-Doyle,,Catarina-Lima,
4,A Nave Sideral,Murray Leinster,,1954,The Last Space Ship,Fernando de Castro Ferro,,1949,Murray-Leinster,,Fernando-de-Castro-Ferro,
40,O Síndico,C M Kornbluth,,1957,The Syndic,H dos Santos Carvalho,,1953,C-M-Kornbluth,,H-dos-Santos-Carvalho,
400,O Homem Eterno 1º volume,Gordon R Dickson,,1990,The Forever Man,Raul de Sousa Machado,,1986,Gordon-R-Dickson,,Raul-de-Sousa-Machado,
401,O Homem Eterno 2º volume,Gordon R Dickson,,1990,The Forever Man,Raul de Sousa Machado,,1986,Gordon-R-Dickson,,Raul-de-Sousa-Machado,
402,O Dia Depois do Juízo Final,James Blish,,1991,The Day After Judgement,Raul de Sousa Machado,,1971,James-Blish,,Raul-de-Sousa-Machado,
403,Vozes do Futuro,Isaac Asimov (org creditado),Shawna McCarthy (org real),1991,Isaac Asimov's Tomorrow's Voices,Samuel Soares,,1984,Isaac-Asimov-(org-creditado),Shawna-McCarthy-(org-real),Samuel-Soares,
404,O Mundo de Midas 1º volume,Frederik Pohl,,1991,Midas World,Samuel Soares,,1983,Frederik-Pohl,,Samuel-Soares,
405,O Mundo de Midas 2º volume,Frederik Pohl,,1991,Midas World,Samuel Soares,,1983,Frederik-Pohl,,Samuel-Soares,
406,Necromante,Gordon R Dickson,,1991,Necromancer,Samuel Soares,,1962,Gordon-R-Dickson,,Samuel-Soares,
407,Missão de Vingança,A Bertram Chandler,,1991,The Road to the Rim,Eurico da Fonseca,,1967,A-Bertram-Chandler,,Eurico-da-Fonseca,
408,Os Balonautas 1º volume,Bob Shaw,,1991,The Ragged Astronauts,Samuel Soares,,1986,Bob-Shaw,,Samuel-Soares,
409,Os Balonautas 2º volume,Bob Shaw,,1991,The Ragged Astronauts,Samuel Soares,,1986,Bob-Shaw,,Samuel-Soares,
41,Tiranos da Terra,Christian Russel,,1957,Les Voyants,Mário-Henrique Leiria,,1956,Christian-Russel,,Mario-Henrique-Leiria,
410,Essas Estrelas são Nossas,Poul Anderson,,1991,We Claim These Stars,Samuel Soares,,1959,Poul-Anderson,,Samuel-Soares,
411,Bugs,John Sladek,,1991,Bugs,António Porto,,1989,John-Sladek,,Antonio-Porto,
412,Mundo-Nosso,Harry Harrison,,1991,Homeworld,António Porto,,1980,Harry-Harrison,,Antonio-Porto,
413,Soldado da Terra 1º volume,Gordon R Dickson,,1991,Soldier Ask Not,António Porto,,1967,Gordon-R-Dickson,,Antonio-Porto,
414,Soldado da Terra 2º volume,Gordon R Dickson,,1992,Soldier Ask Not,António Porto,,1967,Gordon-R-Dickson,,Antonio-Porto,
415,O Tempo o Espaço e o Cérebro,Fritz Leiber,,1992,The Big Time,António Porto,,1957,Fritz-Leiber,,Antonio-Porto,
416,Os Negros Anos Luz,Brian Aldiss,,1992,The Dark Light Years,António Porto,,1964,Brian-Aldiss,,Antonio-Porto,
417,Cemitério de Lunáticos 1º volume,Ray Bradbury,,1992,Graveyard for Lunatics,António Porto,,1990,Ray-Bradbury,,Antonio-Porto,
418,Cemitério de Lunáticos 2º volume,Ray Bradbury,,1992,Graveyard for Lunatics,António Porto,,1990,Ray-Bradbury,,Antonio-Porto,
419,Há Mais Coisas no Céu,John Brunner,,1992,More Things in Heaven,António Porto,,1973,John-Brunner,,Antonio-Porto,
42,Mundos Simultâneos,Clifford D Simak,,1957,Ring Around the Sun,Mário-Henrique Leiria,,1952,Clifford-D-Simak,,Mario-Henrique-Leiria,
420,Desvio Para o Vermelho 1º volume,John E Stith,,1992,Redshift Rendezvous,António Porto,,1990,John-E-Stith,,Antonio-Porto,
421,Desvio Para o Vermelho 2º volume,John E Stith,,1992,Redshift Rendezvous,António Porto,,1990,John-E-Stith,,Antonio-Porto,
422,O Espírito de Dorsai,Gordon R Dickson,,1992,The Spirit of Dorsai,António Porto,,1979,Gordon-R-Dickson,,Antonio-Porto,
423,Viagem Pelos Universos,James Blish,,1992,Anywhen,António Porto,,1971,James-Blish,,Antonio-Porto,
424,Imortalidade e Cª,Robert Sheckley,,1992,Immortality Inc,António Porto,,1959,Robert-Sheckley,,Antonio-Porto,
425,O Mundo Perdido no Fundo do Mar,Arthur Conan Doyle,,1992,The Maracot Deep,J Lima da Costa,,1929,Arthur-Conan-Doyle,,J-Lima-da-Costa,
426,Estrela Caída,James Blish,,1993,The Frozen Year,António Porto,,1957,James-Blish,,Antonio-Porto,
427,O Homem do Castelo Alto 1º volume,Philip K Dick,,1993,The Man in the High Castle,António Porto,,1962,Philip-K-Dick,,Antonio-Porto,
428,O Homem do Castelo Alto 2º volume,Philip K Dick,,1993,The Man in the High Castle,António Porto,,1962,Philip-K-Dick,,Antonio-Porto,
429,A Chegada dos Terrenos,Leigh Brackett,,1993,The Coming of the Terrans,António Porto,,1967,Leigh-Brackett,,Antonio-Porto,
43,A Cidade da Ciência,Maurice Vernon,,1957,Les Savants Dans l'Aréne,Mário-Henrique Leiria,,1955,Maurice-Vernon,,Mario-Henrique-Leiria,
430,O Mundo dos Anjos,S N Lewitt,,1993,Angel at Apogee,António Porto,,1987,S-N-Lewitt,,Antonio-Porto,
431,O Senhor dos Sonhos,Roger Zelazny,,1993,The Dream Master,António Porto,,1966,Roger-Zelazny,,Antonio-Porto,
432,O Correio do Tempo,Robert Silverberg,,1993,Up the Line,Abel Coimbra,,1969,Robert-Silverberg,,Abel-Coimbra,
433,Páscoa Negra,James Blish,,1993,Black Easter,Raul Gonçalves,,1968,James-Blish,,Raul-Goncalves,
434,Tácticas de Engano 1º volume,Gordon R Dickson,,1993,Tactics of Mistake,António Porto,,1971,Gordon-R-Dickson,,Antonio-Porto,
435,Tácticas de Engano 2º volume,Gordon R Dickson,,1993,Tactics of Mistake,António Porto,,1971,Gordon-R-Dickson,,Antonio-Porto,
436,O Tempo dos Simulacros,Philip K Dick,,1993,The Simulacra,António Porto,,1964,Philip-K-Dick,,Antonio-Porto,
437,Traidor aos Vivos,Philip José Farmer,,1993,Traitor to the Living,António Porto,,1973,Philip-Jose-Farmer,,Antonio-Porto,
438,O Xadrez do Tempo,James Blish,,1994,The Quincunx of Time,António Porto,,1973,James-Blish,,Antonio-Porto,
439,As Naves de Madeira 1º volume,Bob Shaw,,1994,The Wooden Spaceships,António Porto,,1987,Bob-Shaw,,Antonio-Porto,
44,História de Dois Mundos,John D MacDonald,,1958,Planet of the Dreamers,Mário-Henrique Leiria,,1951,John-D-MacDonald,,Mario-Henrique-Leiria,
440,As Naves de Madeira 2º volume,Bob Shaw,,1994,The Wooden Spaceships,António Porto,,1987,Bob-Shaw,,Antonio-Porto,
441,Os Jogadores de Titã,Philip K Dick,,1994,The Game-Players of Titan,António Porto,,1963,Philip-K-Dick,,Antonio-Porto,
442,Mundo Adormecido,Gordon R Dickson,,1994,Sleepwalker's World,J Santos Tavares,,1971,Gordon-R-Dickson,,J-Santos-Tavares,
443,Doutor Mirabilis 1º volume,James Blish,,1994,Doctor Mirabilis,António Porto,,1964,James-Blish,,Antonio-Porto,
444,Doutor Mirabilis 2º volume,James Blish,,1994,Doctor Mirabilis,António Porto,,1964,James-Blish,,Antonio-Porto,
445,Um Demónio no Cérebro,Frederik Pohl,,1994,A Plague of Pythons,J Santos Tavares,,1964,Frederik-Pohl,,J-Santos-Tavares,
446,O Universo de Morton,A E Van Vogt,,1994,The Universe Maker,António Porto,,1953,A-E-Van-Vogt,,Antonio-Porto,
447,Os Mundos Fugitivos 1º volume,Bob Shaw,,1994,The Fugitive Worlds,António Porto,,1989,Bob-Shaw,,Antonio-Porto,
448,Os Mundos Fugitivos 2º volume,Bob Shaw,,1994,The Fugitive Worlds,António Porto,,1989,Bob-Shaw,,Antonio-Porto,
449,Contos Galácticos,James Blish,,1994,Galactic Cluster,António Porto,,1959,James-Blish,,Antonio-Porto,
45,O Décimo Planeta,C H Badet,,1958,La Dixième Planète,Mário-Henrique Leiria,,1954,C-H-Badet,,Mario-Henrique-Leiria,
450,A Incrível Invasão,Lester del Rey,,1995,Siege Perilous,António Porto,,1966,Lester-del-Rey,,Antonio-Porto,
451,Roderick à Solta 1º volume,John Sladek,,1995,Roderick at Random,António Porto,,1983,John-Sladek,,Antonio-Porto,
452,Roderick à Solta 2º volume,John Sladek,,1995,Roderick at Random,António Porto,,1983,John-Sladek,,Antonio-Porto,
453,Dare a Colónia Perdida,Philip José Farmer,,1995,Dare,António Porto,,1965,Philip-Jose-Farmer,,Antonio-Porto,
454,A Era das Aves,James Blish,,1995,Midsummer Century,António Porto,,1972,James-Blish,,Antonio-Porto,
455,Tempos Duros 1º volume,C J Cherryh,,1995,Heavy Time,Clarisse Tavares,,1991,C-J-Cherryh,,Clarisse-Tavares,
456,Tempos Duros 2º volume,C J Cherryh,,1995,Heavy Time,Clarisse Tavares,,1991,C-J-Cherryh,,Clarisse-Tavares,
457,Outros Dias Outros Olhos,Bob Shaw,,1995,Other Days Other Eyes,Clarisse Tavares,,1972,Bob-Shaw,,Clarisse-Tavares,
458,A Canção dos Dragões,Anne McCaffrey,,1995,Dragonsong,Raul Gonçalves,,1976,Anne-McCaffrey,,Raul-Goncalves,
459,Os Cantores do Tempo 1º volume,Frederik Pohl,Jack Williamson,1995,The Singers of Time,Clarisse Tavares,,1991,Frederik-Pohl,Jack-Williamson,Clarisse-Tavares,
46,Os Marcianos Divertem-se,Fredric Brown,,1958,Martians Go Home,Mário-Henrique Leiria,,1955,Fredric-Brown,,Mario-Henrique-Leiria,
460,Os Cantores do Tempo 2º volume,Frederik Pohl,Jack Williamson,1995,The Singers of Time,Clarisse Tavares,,1991,Frederik-Pohl,Jack-Williamson,Clarisse-Tavares,
461,O Fogo e a Noite,Philip José Farmer,,1995,Fire and the Night,Raul Gonçalves,,1962,Philip-Jose-Farmer,,Raul-Goncalves,
462,As Estrelas Como Palco,James Blish,,1996,And All the Stars a Stage,J Santos Tavares,,1971,James-Blish,,J-Santos-Tavares,
463,Os Últimos Dias da Terra 1º volume,Brian Aldiss,,1996,The Long Afternoon of Earth,Clarisse Tavares,,1962,Brian-Aldiss,,Clarisse-Tavares,
464,Os Últimos Dias da Terra 2º volume,Brian Aldiss,,1996,The Long Afternoon of Earth,Clarisse Tavares,,1962,Brian-Aldiss,,Clarisse-Tavares,
465,As Luzes do Espaço,Bob Shaw,,1996,Night Walk,Clarisse Tavares,,1967,Bob-Shaw,,Clarisse-Tavares,
466,Ilhas no Céu,Arthur C Clarke,,1996,Islands in the Sky,Clarisse Tavares,,1952,Arthur-C-Clarke,,Clarisse-Tavares,
467,A Cantora dos Dragões 1º volume,Anne McCaffrey,,1996,Dragonsinger,Raul Gonçalves,,1977,Anne-McCaffrey,,Raul-Goncalves,
468,A Cantora dos Dragões 2º volume,Anne McCaffrey,,1996,Dragonsinger,Raul Gonçalves,,1977,Anne-McCaffrey,,Raul-Goncalves,
469,As Vozes do Céu 1º volume,Frederik Pohl,,1996,The Voices of Heaven,J Santos Tavares,,1994,Frederik-Pohl,,J-Santos-Tavares,
47,Salto no Tempo,Yves Dermèze,,1958,Via Velpa,Mário-Henrique Leiria,,1955,Yves-Dermèze,,Mario-Henrique-Leiria,
470,As Vozes do Céu 2º volume,Frederik Pohl,,1996,The Voices of Heaven,J Santos Tavares,,1994,Frederik-Pohl,,J-Santos-Tavares,
471,Batalha no Cosmos,Gordon R Dickson,,1996,Naked to the Stars,Eurico da Fonseca,,1961,Gordon-R-Dickson,,Eurico-da-Fonseca,
472,Fora de Jogo,Isidore Haiblum,,1996,Out of Sync,J Santos Tavares,,1990,Isidore-Haiblum,,J-Santos-Tavares,
473,Estranhos Inimigos 1º volume,Robert Asprin,,1996,The Bug Wars,Eurico da Fonseca,,1979,Robert-Asprin,,Eurico-da-Fonseca,
474,Estranhos Inimigos 2º volume,Robert Asprin,,1996,The Bug Wars,Eurico da Fonseca,,1979,Robert-Asprin,,Eurico-da-Fonseca,
475,Além do Inferno,Philip José Farmer,,1997,Inside Outside,Eurico da Fonseca,,1964,Philip-Jose-Farmer,,Eurico-da-Fonseca,
476,Os Tambores dos Dragões,Anne McCaffrey,,1997,Dragondrums,Eduardo Saló,,1979,Anne-McCaffrey,,Eduardo-Salo,
477,A Vinda do Futuro,Edmund Cooper,,1997,Tomorrow Came,Eurico da Fonseca,,1963,Edmund-Cooper,,Eurico-da-Fonseca,
478,A Boneca do Destino 1º volume,Clifford D Simak,,1997,Destiny Doll,Clarisse Tavares,,1971,Clifford-D-Simak,,Clarisse-Tavares,
479,A Boneca do Destino 2º volume,Clifford D Simak,,1997,Destiny Doll,Clarisse Tavares,,1971,Clifford-D-Simak,,Clarisse-Tavares,
48,Mundo de Vampiros,Richard Matheson,,1958,I Am Legend,Mário-Henrique Leiria,,1954,Richard-Matheson,,Mario-Henrique-Leiria,
480,Renascimento,Brian Aldiss,,1997,Earthworks,Clarisse Tavares,,1965,Brian-Aldiss,,Clarisse-Tavares,
481,Para Além da Porta das Estrelas 1º volume,Frederik Pohl,,1997,The Gateway Trip,Clarisse Tavares,,1990,Frederik-Pohl,,Clarisse-Tavares,
482,Para Além da Porta das Estrelas 2º volume,Frederik Pohl,,1997,The Gateway Trip,Clarisse Tavares,,1990,Frederik-Pohl,,Clarisse-Tavares,
483,As Estrelas são dos Homens,James Blish,,1997,They Shall Have Stars,Alexandra Tavares,,1956,James-Blish,,Alexandra-Tavares,
484,Os Mutantes vêm aí! 1º volume,Isidore Haiblum,,1997,The Mutants Are Coming,Alexandra Tavares,,1984,Isidore-Haiblum,,Alexandra-Tavares,
485,Os Mutantes vêm aí! 2º volume,Isidore Haiblum,,1997,The Mutants Are Coming,Alexandra Tavares,,1984,Isidore-Haiblum,,Alexandra-Tavares,
486,Vivendo no Céu,James Blish,,1998,A Life for the Stars,Alexandra Tavares,,1962,James-Blish,,Alexandra-Tavares,
487,Crónicas do Fim do Mundo,Poul Anderson,,1998,The Horn of Time,A Maldonado Domingues,,1968,Poul-Anderson,,A-Maldonado-Domingues,
488,A Terra é uma Ideia Boa 1º volume,James Blish,,1998,Earthman Come Home,Alexandra Tavares,,1956,James-Blish,,Alexandra-Tavares,
489,A Terra é uma Ideia Boa 2º volume,James Blish,,1998,Earthman Come Home,Alexandra Tavares,,1956,James-Blish,,Alexandra-Tavares,
49,Vuzz,P A Hourey,,1959,Vuzz,Mário-Henrique Leiria,,1955,P-A-Hourey,,Mario-Henrique-Leiria,
490,A Árvore da Saliva,Brian Aldiss,,1998,The Saliva Tree,Alexandra Tavares,,1966,Brian-Aldiss,,Alexandra-Tavares,
491,O Triunfo do Tempo,James Blish,,1998,The Triumph of Time,Alexandra Tavares,,1958,James-Blish,,Alexandra-Tavares,
492,No Oceano da Noite 1º volume,Gregory Benford,,1998,In the Ocean of Night,Alexandra Tavares,,1976,Gregory-Benford,,Alexandra-Tavares,
493,No Oceano da Noite 2º volume,Gregory Benford,,1998,In the Ocean of Night,Alexandra Tavares,,1976,Gregory-Benford,,Alexandra-Tavares,
494,Os Cavalos da Noite 1º volume,C J Cherryh,,1998,Cloud's Rider,Alexandra Tavares,,1996,C-J-Cherryh,,Alexandra-Tavares,
495,Os Cavalos da Noite 2º volume,C J Cherryh,,1998,Cloud's Rider,Alexandra Tavares,,1996,C-J-Cherryh,,Alexandra-Tavares,
496,Além do Mar dos Sóis 1º volume,Gregory Benford,,1998,Across the Sea of Suns,Alexandra Santos Tavares,,1984,Gregory-Benford,,Alexandra-Santos-Tavares,
497,Além do Mar dos Sóis 2º volume,Gregory Benford,,1999,Across the Sea of Suns,Alexandra Santos Tavares,,1984,Gregory-Benford,,Alexandra-Santos-Tavares,
498,O Enigma de Malacia 1º volume,Brian Aldiss,,1999,The Malacia Tapestry,Alexandra Santos Tavares,,1976,Brian-Aldiss,,Alexandra-Santos-Tavares,
499,O Enigma de Malacia 2º volume,Brian Aldiss,,1999,The Malacia Tapestry,Alexandra Santos Tavares,,1976,Brian-Aldiss,,Alexandra-Santos-Tavares,
5,O Universo Vivo,Jimmy Guieu,,1954,L'Univers Vivant,Rui Bandeira,,1953,Jimmy-Guieu,,Rui-Bandeira,
50,Os Mares de Vénus,Paul French,,1959,Lucky Starr and the Oceans of Venus,Mário-Henrique Leiria,,1954,Paul-French,,Mario-Henrique-Leiria,
500,Ó Pioneiro!,Frederik Pohl,,1999,O Pioneer!,Alexandra Santos Tavares,,1998,Frederik-Pohl,,Alexandra-Santos-Tavares,
501,A História de Nerilka,Anne McCaffrey,,1999,Nerilka's Story A Pern Adventure,Alexandra Santos Tavares,,1986,Anne-McCaffrey,,Alexandra-Santos-Tavares,
502,Passagem Para o Passado 1º volume,Isidore Haiblum,,1999,Transfer to Yesterday,Alexandra Santos Tavares,,1973,Isidore-Haiblum,,Alexandra-Santos-Tavares,
503,Passagem Para o Passado 2º volume,Isidore Haiblum,,1999,Transfer to Yesterday,Alexandra Santos Tavares,,1973,Isidore-Haiblum,,Alexandra-Santos-Tavares,
504,A Companhia de Phule 1º volume,Robert Asprin,,1999,Phule's Company,Alexandra Santos Tavares,,1990,Robert-Asprin,,Alexandra-Santos-Tavares,
505,A Companhia de Phule 2º volume,Robert Asprin,,1999,Phule's Company,Alexandra Santos Tavares,,1990,Robert-Asprin,,Alexandra-Santos-Tavares,
506,Criptozóica,Brian Aldiss,,1999,An Age,Alexandra Santos Tavares,,1967,Brian-Aldiss,,Alexandra-Santos-Tavares,
507,As Trevas Além das Estrelas 1º volume,Frank M Robinson,,1999,The Dark Beyond the Stars,Alexandra Tavares,,1981,Frank-M-Robinson,,Alexandra-Tavares,
508,As Trevas Além das Estrelas 2º volume,Frank M Robinson,,1999,The Dark Beyond the Stars,Alexandra Tavares,,1981,Frank-M-Robinson,,Alexandra-Tavares,
509,Conduzindo às Cegas,Ray Bradbury,,2000,Driving Blind,Alexandra Santos Tavares,,1997,Ray-Bradbury,,Alexandra-Santos-Tavares,
51,A Porta do Espaço,Adrien Sobra,,1959,Portes Sur l'Inconnu,Mário-Henrique Leiria,,1956,Adrien-Sobra,,Mario-Henrique-Leiria,
510,O Paraíso de Phule 1º volume,Robert Asprin,,2000,Phule's Paradise,Alexandra Santos Tavares,,1992,Robert-Asprin,,Alexandra-Santos-Tavares,
511,O Paraíso de Phule 2º volume,Robert Asprin,,2000,Phule's Paradise,Alexandra Santos Tavares,,1992,Robert-Asprin,,Alexandra-Santos-Tavares,
512,Rota de Colisão,Robert Silverberg,,2000,Collision Course,Alexandra Santos Tavares,,1961,Robert-Silverberg,,Alexandra-Santos-Tavares,
513,O Planeta das Virgens,Poul Anderson,,2000,Virgin Planet,Alexandra Santos Tavares,,1959,Poul-Anderson,,Alexandra-Santos-Tavares,
514,O Homem Duplicado,James Blish,Robert Lowndes,2000,The Duplicated Man,Alexandra Santos Tavares,,1953,James-Blish,Robert-Lowndes,Alexandra-Santos-Tavares,
515,O Mundo de Amanhã,Hunt Collins,,2000,Tomorrow's World,Alexandra Santos Tavares,,1956,Hunt-Collins,,Alexandra-Santos-Tavares,
516,A Conquista da Imortalidade,Robert Sheckley,,2000,Immortality Inc,Alexandra Santos Tavares,,1959,Robert-Sheckley,,Alexandra-Santos-Tavares,
517,O Exílio do Tempo,Ray Cummings,,2000,The Exile of Time,Alexandra Santos Tavares,,1931,Ray-Cummings,,Alexandra-Santos-Tavares,
518,Cidade na Lua,Murray Leinster,,2000,City on the Moon,Alexandra Santos Tavares,,1957,Murray-Leinster,,Alexandra-Santos-Tavares,
519,O Espaço Exterior,Bertram Chandler,,2000,The Rim of Space,Alexandra Santos Tavares,,1961,Bertram-Chandler,,Alexandra-Santos-Tavares,
52,Atenção aos Robots!,Jean-Gaston Vandel,,1959,Alerte Aux Robots!,Mário-Henrique Leiria,,1952,Jean-Gaston-Vandel,,Mario-Henrique-Leiria,
520,Os Caminhos das Estrelas,Poul Anderson,,2000,Star Ways,Alexandra Santos Tavares,,1956,Poul-Anderson,,Alexandra-Santos-Tavares,
521,Nove Príncipes em Âmbar,Roger Zelazny,,2001,Nine Princes in Amber,Alexandra Santos Tavares,,1970,Roger-Zelazny,,Alexandra-Santos-Tavares,
522,Uma Coisa do Outro Mundo,Murray Leinster,,2001,Out of This World,Elsa T S Vieira,,1958,Murray-Leinster,,Elsa-T-S-Vieira,
523,A Porta da Montanha do Fogo,C J Cherryh,,2001,Gate of Ivrel,Alexandra Santos Tavares,,1976,C-J-Cherryh,,Alexandra-Santos-Tavares,
524,Inteligência Artificial,Brian Aldiss,,2001,Supertoys last all Summer Long and Other Stories of Future Time,Alexandra Santos Tavares,,2001,Brian-Aldiss,,Alexandra-Santos-Tavares,
525,O Poço de Shiuan 1º volume,C J Cherryh,,2001,Well of Shiuan,Alexandra Santos Tavares,,1978,C-J-Cherryh,,Alexandra-Santos-Tavares,
526,O Poço de Shiuan 2º volume,C J Cherryh,,2001,Well of Shiuan,Alexandra Santos Tavares,,1978,C-J-Cherryh,,Alexandra-Santos-Tavares,
527,As Armas de Avalon,Roger Zelazny,,2001,The Guns of Avalon,Alexandra Santos Tavares,,1972,Roger-Zelazny,,Alexandra-Santos-Tavares,
528,As Labaredas de Azeroth 1º volume,C J Cherryh,,2001,Fires of Azeroth,Alexandra Santos Tavares,,1979,C-J-Cherryh,,Alexandra-Santos-Tavares,
529,As Labaredas de Azeroth 2º volume,C J Cherryh,,2001,Fires of Azeroth,Alexandra Santos Tavares,,1979,C-J-Cherryh,,Alexandra-Santos-Tavares,
53,A Morte da Terra,J H Rosny Aîné,,1959,La Mort de la Terre,Mário-Henrique Leiria,,1910,J-H-Rosny-Aîne,,Mario-Henrique-Leiria,
530,A Reinvenção dos Dragões 1º volume,Anne McCaffrey,,2001,Dragonsdawn,Alexandra Santos Tavares,,1988,Anne-McCaffrey,,Alexandra-Santos-Tavares,
531,A Reinvenção dos Dragões 2º volume,Anne McCaffrey,,2001,Dragonsdawn,Alexandra Santos Tavares,,1988,Anne-McCaffrey,,Alexandra-Santos-Tavares,
532,Estrelas Semeadas,James Blish,,2001,The Seedling Stars,Elsa T S Vieira,,1956,James-Blish,,Elsa-T-S-Vieira,
533,Os Renegados de Pern 1º volume,Anne McCaffrey,,2001,The Renegades of Pern,Alexandra Santos Tavares,,1989,Anne-McCaffrey,,Alexandra-Santos-Tavares,
534,Os Renegados de Pern 2º volume,Anne McCaffrey,,2001,The Renegades of Pern,Alexandra Santos Tavares,,1989,Anne-McCaffrey,,Alexandra-Santos-Tavares,
535,Fumos de Sonho 1º volume,Tricia Sullivan,,2002,Dreaming in Smoke,Alexandra Rolão Tavares,,1998,Tricia-Sullivan,,Alexandra-Rolao-Tavares,
536,Fumos de Sonho 2º volume,Tricia Sullivan,,2002,Dreaming in Smoke,Alexandra Rolão Tavares,,1998,Tricia-Sullivan,,Alexandra-Rolao-Tavares,
537,Uma Nova Esperança em Pern 1º volume,Anne McCaffrey,,2002,All the Weyrs of Pern,Alexandra Rolão Tavares,,1991,Anne-McCaffrey,,Alexandra-Rolao-Tavares,
538,Uma Nova Esperança em Pern 2º volume,Anne McCaffrey,,2002,All the Weyrs of Pern,Alexandra Rolão Tavares,,1991,Anne-McCaffrey,,Alexandra-Rolao-Tavares,
539,Renascer 1º volume,Maureen F McHugh,,2002,Mission Child,Alexandra Rolão Tavares,,1998,Maureen-F-McHugh,,Alexandra-Rolao-Tavares,
54,Regresso a Zero,Stefan Wul,,1959,Retour a O,Maria Adelaide Correia Freire,Raul Correia,1956,Stefan-Wul,,Maria-Adelaide-Correia-Freire,Raul-Correia
540,Renascer 2º volume,Maureen F McHugh,,2002,Mission Child,Alexandra Rolão Tavares,,1998,Maureen-F-McHugh,,Alexandra-Rolao-Tavares,
541,Os Trunfos do Mal,Roger Zelazny,,2003,Trumps of Doom,Paulo A Moreira,,1985,Roger-Zelazny,,Paulo-A-Moreira,
542,O Castelo de Lorde Valentine 1º volume,Robert Silverberg,,2003,Lord Valentine's Castle,Paulo A Moreira,,1980,Robert-Silverberg,,Paulo-A-Moreira,
543,O Castelo de Lorde Valentine 2º volume,Robert Silverberg,,2003,Lord Valentine's Castle,Paulo A Moreira,,1980,Robert-Silverberg,,Paulo-A-Moreira,
544,A Primavera de Helliconia 1º volume,Brian Aldiss,,2003,Helliconia Spring,Alexandra Rolão Tavares,,1982,Brian-Aldiss,,Alexandra-Rolao-Tavares,
545,A Primavera de Helliconia 2º volume,Brian Aldiss,,2003,Helliconia Spring,Alexandra Rolão Tavares,,1982,Brian-Aldiss,,Alexandra-Rolao-Tavares,
546,O Sinal do Unicórnio,Roger Zelazny,,2003,The Sign of the Unicorn,Elsa T S Vieira,,1975,Roger-Zelazny,,Elsa-T-S-Vieira,
547,O Verão de Helliconia 1º volume,Brian Aldiss,,2003,Helliconia Summer,Alexandra Rolão Tavares,,1983,Brian-Aldiss,,Alexandra-Rolao-Tavares,
548,O Verão de Helliconia 2º volume,Brian Aldiss,,2003,Helliconia Summer,Alexandra Rolão Tavares,,1983,Brian-Aldiss,,Alexandra-Rolao-Tavares,
549,O Inverno de Helliconia 1º volume,Brian Aldiss,,2003,Helliconia Winter,Alexandra Rolão Tavares,,1985,Brian-Aldiss,,Alexandra-Rolao-Tavares,
55,Os Frutos Dourados do Sol,Ray Bradbury,,1960,The Golden Apples of the Sun,Mário-Henrique Leiria,,1950,Ray-Bradbury,,Mario-Henrique-Leiria,
550,O Inverno de Helliconia 2º volume,Brian Aldiss,,2003,Helliconia Winter,Alexandra Rolão Tavares,,1985,Brian-Aldiss,,Alexandra-Rolao-Tavares,
551,Os Vigilantes do Imaginário 1º volume,Pat Cadigan,,2004,Mindplayers,Alexandra Rolão Tavares,,1987,Pat-Cadigan,,Alexandra-Rolao-Tavares,
552,Os Vigilantes do Imaginário 2º volume,Pat Cadigan,,2004,Mindplayers,Alexandra Rolão Tavares,,1987,Pat-Cadigan,,Alexandra-Rolao-Tavares,
553,A Grande Roda,William Rollo,,2004,The Big Wheel,Elsa T S Vieira,,1984,William-Rollo,,Elsa-T-S-Vieira,
554,Intermundo,Isidore Haiblum,,2004,Interworld,Elsa T S Vieira,,1977,Isidore-Haiblum,,Elsa-T-S-Vieira,
555,A Raça Futura,Bulwer Lytton,,2004,The Coming Race,Fernanda Pinto Rodrigues,,1871,Bulwer-Lytton,,Fernanda-Pinto-Rodrigues,
556,A Mão de Oberon,Roger Zelazny,,2004,The Hand of Oberon,Elsa T S Vieira,,1976,Roger-Zelazny,,Elsa-T-S-Vieira,
557,As Cortes do Caos,Roger Zelazny,,2004,The Courts of Chaos,Paulo Moreira,,1978,Roger-Zelazny,,Paulo-Moreira,
558,Mundo Exterior,Isidore Haiblum,,2004,Outerworld,Paulo A Moreira,,1979,Isidore-Haiblum,,Paulo-A-Moreira,
559,O Sangue de Âmbar,Roger Zelazny,,2005,Blood of Amber,Elsa T S Vieira,,1986,Roger-Zelazny,,Elsa-T-S-Vieira,
56,Pré-História do Futuro,Stefan Wul,,1960,Niourk,Mário-Henrique Leiria,,1957,Stefan-Wul,,Mario-Henrique-Leiria,
560,Mundo dos Espectros,Isidore Haiblum,,2004,Specterworld,Paulo A Moreira,,1991,Isidore-Haiblum,,Paulo-A-Moreira,
561,A Conspiração dos Imortais,Márcia Guimarães,,2005,,,,2005,Marcia-Guimaraes,,,
562,Mundo de Cristal,Isidore Haiblum,,2006,Crystalworld,Paulo A Moreira,,1992,Isidore-Haiblum,,Paulo-A-Moreira,
563,Dune 1º volume,Frank Herbert,,2006,Dune,Eurico da Fonseca,,1965,Frank-Herbert,,Eurico-da-Fonseca,
57,O Robot de Júpiter-9,Paul French,,1960,Lucky Starr and the Moons of Jupiter,Mário-Henrique Leiria,,1957,Paul-French,,Mario-Henrique-Leiria,
58,A Rainha Rebelde,L Sprague de Camp,,1960,Rogue Queen,Mário-Henrique Leiria,,1951,L-Sprague-de-Camp,,Mario-Henrique-Leiria,
59,Partida Para o Espaço,C M Kornbluth,,1960,Takeoff,Mário-Henrique Leiria,,1952,C-M-Kornbluth,,Mario-Henrique-Leiria,
6,O Mundo Marciano,Ray Bradbury,,1954,The Martian Chronicles,Fernando de Castro Ferro,,1950,Ray-Bradbury,,Fernando-de-Castro-Ferro,
60,O Vagabundo das Estrelas,Stefan Wul,,1960,L'Orphelin de Perdide,Mário-Henrique Leiria,,1958,Stefan-Wul,,Mario-Henrique-Leiria,
61,A Superfície do Planeta,Daniel Drode,,1961,Surface de la Planète,Mário-Henrique Leiria,,1959,Daniel-Drode,,Mario-Henrique-Leiria,
62,Rumo ao Universo,A E Van Vogt,,1961,Destination,Mário-Henrique Leiria,,1952,A-E-Van-Vogt,,Mario-Henrique-Leiria,
63,O Tempo das Estrelas,Robert A Heinlein,,1961,Time for the Stars,Mário-Henrique Leiria,,1956,Robert-A-Heinlein,,Mario-Henrique-Leiria,
64,O Mundo dos Draags,Stefan Wul,,1961,Oms en Série,Mário-Henrique Leiria,,1957,Stefan-Wul,,Mario-Henrique-Leiria,
65,Projectado no Futuro,Charles Eric Maine,,1961,Timeliner,Mário-Henrique Leiria,,1955,Charles-Eric-Maine,,Mario-Henrique-Leiria,
66,Ortog,Kurt Steiner,,1961,Aux Armes d'Ortog,Mário-Henrique Leiria,,1960,Kurt-Steiner,,Mario-Henrique-Leiria,
67,O Homem que Vinha do Passado,Theodore Sturgeon,,1962,Venus Plus X,Mário-Henrique Leiria,,1960,Theodore-Sturgeon,,Mario-Henrique-Leiria,
68,O Espaço Será Pequeno,Fredric Brown,,1962,Space on my Hands,Mário-Henrique Leiria,,1951,Fredric-Brown,,Mario-Henrique-Leiria,
69,Geração Galáctica,E C Tubb,,1962,The Space-Born,Fernando de Castro Ferro,,1956,E-C-Tubb,,Fernando-de-Castro-Ferro,
7,Inconstância do Amanhã,F G Rayer,,1954,Tomorrow Sometimes Comes,Fernando Moutinho,,1951,F-G-Rayer,,Fernando-Moutinho,
70,Ameaça dos Robots,Isaac Asimov,,1962,The Naked Sun,Fernando de Castro Ferro,,1956,Isaac-Asimov,,Fernando-de-Castro-Ferro,
71,O Dia das Trífides,John Wyndham,,1962,The Day of the Triffids,José Manuel Calafate,,1951,John-Wyndham,,Jose-Manuel-Calafate,
72,Missão em Sidar,Stefan Wul,,1963,Rayons Pour Sidar,Gomes dos Santos,,1957,Stefan-Wul,,Gomes-dos-Santos,
73,Operação Vénus,Leonid Onochko,,1963,?? ????????? ???????,Rogério Fernandes,,1959,Leonid-Onochko,,Rogerio-Fernandes,
74,Colónias no Espaço,E C Tubb,,1963,Alien Dust,Elisa Lopes Ribeiro,,1955,E-C-Tubb,,Elisa-Lopes-Ribeiro,
75,Plano 7,Mordecai Roshwald,,1963,Level Seven,Alfredo Augusto Margarido,,1959,Mordecai-Roshwald,,Alfredo-Augusto-Margarido,
76,Degelo em 2157,Stefan Wul,,1963,La Peur Géante,André Varga,,1957,Stefan-Wul,,Andre-Varga,
77,A Aldeia dos Malditos,John Wyndham,,1963,The Midwich Cuckoos,Álvaro Simões,,1957,John-Wyndham,,Alvaro-Simoes,
78,Caminhavam Como Homens,Clifford D Simak,,1963,They Walked Like Men,Alfredo Augusto Margarido,,1962,Clifford-D-Simak,,Alfredo-Augusto-Margarido,
79,A Máquina do Poder,A Higon,,1964,La Machine du Pouvoir,André Varga,,1960,A-Higon,,Andre-Varga,
8,O Veneno de Marte,Paul French,,1954,David Starr Space Ranger,Fernando de Castro Ferro,,1952,Paul-French,,Fernando-de-Castro-Ferro,
80,Cidadão do Universo,Francis Carsac,,1964,Pour Patrie l'Espace,Alfredo Augusto Margarido,,1962,Francis-Carsac,,Alfredo-Augusto-Margarido,
81,O Signo do Cão,Jean Hougron,,1964,Le Signe du Chien,André Varga,,1961,Jean-Hougron,,Andre-Varga,
82,Emissários do Futuro,Gérard Klein,,1964,Le Temps n'a pas d'Odeur,Rogério Fernandes,,1963,Gerard-Klein,,Rogerio-Fernandes,
83,O Satélite Sombrio,Jérome Sériel,,1964,Le Satellite Sombre,Gomes dos Santos,,1962,Jerome-Seriel,,Gomes-dos-Santos,
84,A Nuvem Negra,Fred Hoyle,,1964,The Black Cloud,Artur Portela Filho,,1959,Fred-Hoyle,,Artur-Portela-Filho,
85,O Templo do Passado,Stefan Wul,,1964,Le Temple du Passé,André Varga,,1957,Stefan-Wul,,Andre-Varga,
86,Fundação e Império,Isaac Asimov,,1964,Foundation and Empire,Alfredo Margarido,,1952,Isaac-Asimov,,Alfredo-Margarido,
87,A Astronave da Esperança,Edmund Cooper,,1964,Seed of Light,Fernanda Pinto Rodrigues,,1959,Edmund-Cooper,,Fernanda-Pinto-Rodrigues,
88,A Era dos Biocibs,Jimmy Guieu,,1964,L'Ére des Byocibs,Gomes dos Santos,,1960,Jimmy-Guieu,,Gomes-dos-Santos,
89,Segunda Fundação,Isaac Asimov,,1964,Second Foundation,Sousa Victorino,,1953,Isaac-Asimov,,Sousa-Victorino,
9,Missão Interplanetária,A E Van Vogt,,1954,The Voyage of the Space Beagle,Fernando Moutinho,,1950,A-E-Van-Vogt,,Fernando-Moutinho,
90,Armadilha em Zarkass,Stefan Wul,,1964,Piège sur Zarkass,Álvaro Simões,,1958,Stefan-Wul,,Alvaro-Simoes,
91,A Guerra Contra o Rull,A E Van Vogt,,1965,The War Against the Rull,Fernanda Pinto Rodrigues,,1959,A-E-Van-Vogt,,Fernanda-Pinto-Rodrigues,
92,Luta Intergaláctica,Edmond Hamilton,,1965,Outside the Universe,Jorge Fonseca,,1929,Edmond-Hamilton,,Jorge-Fonseca,
93,As Máquinas da Alegria,Ray Bradbury,,1965,The Machineries of Joy,Mário Braga,Maria Isabel Morna Braga,1964,Ray-Bradbury,,Mario-Braga,Maria-Isabel-Morna-Braga
94,S O S Lua,Arthur C Clarke,,1965,A Fall of Moondust,Jorge Fonseca,,1961,Arthur-C-Clarke,,Jorge-Fonseca,
95,Náufragos da Lua,Arthur C Clarke,,1965,A Fall of Moondust,Jorge Fonseca,,1961,Arthur-C-Clarke,,Jorge-Fonseca,
96,2000 Ano de Terror,Charles Eric Maine,,1965,Crisis 2000,Fernanda Pinto Rodrigues,,1959,Charles-Eric-Maine,,Fernanda-Pinto-Rodrigues,
97,O Abismo de Chicago,Ray Bradbury,,1965,The Machineries of Joy,Mário Braga,Maria Isabel Morna Braga,1964,Ray-Bradbury,,Mario-Braga,Maria-Isabel-Morna-Braga
98,Ameaça de Andrómeda,Fred Hoyle,J Elliot,1965,A for Andromeda,Jorge Fonseca,,1962,Fred-Hoyle,J-Elliot,Jorge-Fonseca,
99,Os Amotinados do Polar Lion,Mordecai Roshwald,,1965,A Small Armageddon,Mário Braga,Maria Isabel Morna Braga,1962,Mordecai-Roshwald,,Mario-Braga,Maria-Isabel-Morna-Braga
